model_config_id,blind_model_code,question_id,repetition,source_signature,sources_used
C1,R6,Q001,1,"[{""chunk_id"": 0, ""page"": 1, ""source"": ""./uploads/D1_RAG_Lewis_2020.pdf""}, {""chunk_id"": 148, ""page"": 17, ""source"": ""./uploads/D1_RAG_Lewis_2020.pdf""}, {""chunk_id"": 75, ""page"": 8, ""source"": ""./uploads/D1_RAG_Lewis_2020.pdf""}]","{""detailed_sources"": [{""chunk_id"": 0, ""page"": 1, ""source"": ""./uploads/D1_RAG_Lewis_2020.pdf""}, {""chunk_id"": 148, ""page"": 17, ""source"": ""./uploads/D1_RAG_Lewis_2020.pdf""}, {""chunk_id"": 75, ""page"": 8, ""source"": ""./uploads/D1_RAG_Lewis_2020.pdf""}], ""files"": [""./uploads/D1_RAG_Lewis_2020.pdf""]}"
C1,R6,Q002,1,"[{""chunk_id"": 12, ""page"": 2, ""source"": ""./uploads/D1_RAG_Lewis_2020.pdf""}, {""chunk_id"": 84, ""page"": 9, ""source"": ""./uploads/D1_RAG_Lewis_2020.pdf""}, {""chunk_id"": 16, ""page"": 2, ""source"": ""./uploads/D1_RAG_Lewis_2020.pdf""}]","{""detailed_sources"": [{""chunk_id"": 12, ""page"": 2, ""source"": ""./uploads/D1_RAG_Lewis_2020.pdf""}, {""chunk_id"": 84, ""page"": 9, ""source"": ""./uploads/D1_RAG_Lewis_2020.pdf""}, {""chunk_id"": 16, ""page"": 2, ""source"": ""./uploads/D1_RAG_Lewis_2020.pdf""}], ""files"": [""./uploads/D1_RAG_Lewis_2020.pdf""]}"
C1,R6,Q003,1,"[{""chunk_id"": 92, ""page"": 10, ""source"": ""./uploads/D1_RAG_Lewis_2020.pdf""}, {""chunk_id"": 75, ""page"": 8, ""source"": ""./uploads/D1_RAG_Lewis_2020.pdf""}, {""chunk_id"": 41, ""page"": 5, ""source"": ""./uploads/D1_RAG_Lewis_2020.pdf""}]","{""detailed_sources"": [{""chunk_id"": 92, ""page"": 10, ""source"": ""./uploads/D1_RAG_Lewis_2020.pdf""}, {""chunk_id"": 75, ""page"": 8, ""source"": ""./uploads/D1_RAG_Lewis_2020.pdf""}, {""chunk_id"": 41, ""page"": 5, ""source"": ""./uploads/D1_RAG_Lewis_2020.pdf""}], ""files"": [""./uploads/D1_RAG_Lewis_2020.pdf""]}"
C1,R6,Q004,1,"[{""chunk_id"": 46, ""page"": 5, ""source"": ""./uploads/D1_RAG_Lewis_2020.pdf""}, {""chunk_id"": 65, ""page"": 7, ""source"": ""./uploads/D1_RAG_Lewis_2020.pdf""}, {""chunk_id"": 21, ""page"": 3, ""source"": ""./uploads/D1_RAG_Lewis_2020.pdf""}]","{""detailed_sources"": [{""chunk_id"": 46, ""page"": 5, ""source"": ""./uploads/D1_RAG_Lewis_2020.pdf""}, {""chunk_id"": 65, ""page"": 7, ""source"": ""./uploads/D1_RAG_Lewis_2020.pdf""}, {""chunk_id"": 21, ""page"": 3, ""source"": ""./uploads/D1_RAG_Lewis_2020.pdf""}], ""files"": [""./uploads/D1_RAG_Lewis_2020.pdf""]}"
C1,R6,Q005,1,"[{""chunk_id"": 16, ""page"": 2, ""source"": ""./uploads/D1_RAG_Lewis_2020.pdf""}, {""chunk_id"": 5, ""page"": 1, ""source"": ""./uploads/D1_RAG_Lewis_2020.pdf""}, {""chunk_id"": 163, ""page"": 18, ""source"": ""./uploads/D1_RAG_Lewis_2020.pdf""}]","{""detailed_sources"": [{""chunk_id"": 16, ""page"": 2, ""source"": ""./uploads/D1_RAG_Lewis_2020.pdf""}, {""chunk_id"": 5, ""page"": 1, ""source"": ""./uploads/D1_RAG_Lewis_2020.pdf""}, {""chunk_id"": 163, ""page"": 18, ""source"": ""./uploads/D1_RAG_Lewis_2020.pdf""}], ""files"": [""./uploads/D1_RAG_Lewis_2020.pdf""]}"
C1,R6,Q006,1,"[{""chunk_id"": 18, ""page"": 3, ""source"": ""./uploads/D1_RAG_Lewis_2020.pdf""}, {""chunk_id"": 16, ""page"": 2, ""source"": ""./uploads/D1_RAG_Lewis_2020.pdf""}, {""chunk_id"": 10, ""page"": 2, ""source"": ""./uploads/D1_RAG_Lewis_2020.pdf""}]","{""detailed_sources"": [{""chunk_id"": 18, ""page"": 3, ""source"": ""./uploads/D1_RAG_Lewis_2020.pdf""}, {""chunk_id"": 16, ""page"": 2, ""source"": ""./uploads/D1_RAG_Lewis_2020.pdf""}, {""chunk_id"": 10, ""page"": 2, ""source"": ""./uploads/D1_RAG_Lewis_2020.pdf""}], ""files"": [""./uploads/D1_RAG_Lewis_2020.pdf""]}"
C1,R6,Q007,1,"[{""chunk_id"": 387, ""page"": 31, ""source"": ""./uploads/D3_NIST_AI_RMF_1_0.pdf""}, {""chunk_id"": 432, ""page"": 40, ""source"": ""./uploads/D3_NIST_AI_RMF_1_0.pdf""}, {""chunk_id"": 102, ""page"": 11, ""source"": ""./uploads/D1_RAG_Lewis_2020.pdf""}]","{""detailed_sources"": [{""chunk_id"": 387, ""page"": 31, ""source"": ""./uploads/D3_NIST_AI_RMF_1_0.pdf""}, {""chunk_id"": 432, ""page"": 40, ""source"": ""./uploads/D3_NIST_AI_RMF_1_0.pdf""}, {""chunk_id"": 102, ""page"": 11, ""source"": ""./uploads/D1_RAG_Lewis_2020.pdf""}], ""files"": [""./uploads/D1_RAG_Lewis_2020.pdf"", ""./uploads/D3_NIST_AI_RMF_1_0.pdf""]}"
C1,R6,Q008,1,"[{""chunk_id"": 0, ""page"": 1, ""source"": ""./uploads/D1_RAG_Lewis_2020.pdf""}, {""chunk_id"": 79, ""page"": 9, ""source"": ""./uploads/D1_RAG_Lewis_2020.pdf""}, {""chunk_id"": 456, ""page"": 43, ""source"": ""./uploads/D3_NIST_AI_RMF_1_0.pdf""}]","{""detailed_sources"": [{""chunk_id"": 0, ""page"": 1, ""source"": ""./uploads/D1_RAG_Lewis_2020.pdf""}, {""chunk_id"": 79, ""page"": 9, ""source"": ""./uploads/D1_RAG_Lewis_2020.pdf""}, {""chunk_id"": 456, ""page"": 43, ""source"": ""./uploads/D3_NIST_AI_RMF_1_0.pdf""}], ""files"": [""./uploads/D3_NIST_AI_RMF_1_0.pdf"", ""./uploads/D1_RAG_Lewis_2020.pdf""]}"
C1,R6,Q009,1,"[{""chunk_id"": 63, ""page"": 7, ""source"": ""./uploads/D1_RAG_Lewis_2020.pdf""}, {""chunk_id"": 44, ""page"": 5, ""source"": ""./uploads/D1_RAG_Lewis_2020.pdf""}, {""chunk_id"": 570, ""page"": 11, ""source"": ""./uploads/D4_ICO_AI_Data_Protection_Guidance.pdf""}]","{""detailed_sources"": [{""chunk_id"": 63, ""page"": 7, ""source"": ""./uploads/D1_RAG_Lewis_2020.pdf""}, {""chunk_id"": 44, ""page"": 5, ""source"": ""./uploads/D1_RAG_Lewis_2020.pdf""}, {""chunk_id"": 570, ""page"": 11, ""source"": ""./uploads/D4_ICO_AI_Data_Protection_Guidance.pdf""}], ""files"": [""./uploads/D1_RAG_Lewis_2020.pdf"", ""./uploads/D4_ICO_AI_Data_Protection_Guidance.pdf""]}"
C1,R6,Q010,1,"[{""chunk_id"": 65, ""page"": 7, ""source"": ""./uploads/D1_RAG_Lewis_2020.pdf""}, {""chunk_id"": 53, ""page"": 6, ""source"": ""./uploads/D1_RAG_Lewis_2020.pdf""}, {""chunk_id"": 59, ""page"": 7, ""source"": ""./uploads/D1_RAG_Lewis_2020.pdf""}]","{""detailed_sources"": [{""chunk_id"": 65, ""page"": 7, ""source"": ""./uploads/D1_RAG_Lewis_2020.pdf""}, {""chunk_id"": 53, ""page"": 6, ""source"": ""./uploads/D1_RAG_Lewis_2020.pdf""}, {""chunk_id"": 59, ""page"": 7, ""source"": ""./uploads/D1_RAG_Lewis_2020.pdf""}], ""files"": [""./uploads/D1_RAG_Lewis_2020.pdf""]}"
C1,R6,Q011,1,"[{""chunk_id"": 174, ""page"": 2, ""source"": ""./uploads/D2_llama_cpp_README.pdf""}, {""chunk_id"": 171, ""page"": 1, ""source"": ""./uploads/D2_llama_cpp_README.pdf""}, {""chunk_id"": 196, ""page"": 9, ""source"": ""./uploads/D2_llama_cpp_README.pdf""}]","{""detailed_sources"": [{""chunk_id"": 174, ""page"": 2, ""source"": ""./uploads/D2_llama_cpp_README.pdf""}, {""chunk_id"": 171, ""page"": 1, ""source"": ""./uploads/D2_llama_cpp_README.pdf""}, {""chunk_id"": 196, ""page"": 9, ""source"": ""./uploads/D2_llama_cpp_README.pdf""}], ""files"": [""./uploads/D2_llama_cpp_README.pdf""]}"
C1,R6,Q012,1,"[{""chunk_id"": 174, ""page"": 2, ""source"": ""./uploads/D2_llama_cpp_README.pdf""}, {""chunk_id"": 171, ""page"": 1, ""source"": ""./uploads/D2_llama_cpp_README.pdf""}, {""chunk_id"": 196, ""page"": 9, ""source"": ""./uploads/D2_llama_cpp_README.pdf""}]","{""detailed_sources"": [{""chunk_id"": 174, ""page"": 2, ""source"": ""./uploads/D2_llama_cpp_README.pdf""}, {""chunk_id"": 171, ""page"": 1, ""source"": ""./uploads/D2_llama_cpp_README.pdf""}, {""chunk_id"": 196, ""page"": 9, ""source"": ""./uploads/D2_llama_cpp_README.pdf""}], ""files"": [""./uploads/D2_llama_cpp_README.pdf""]}"
C1,R6,Q013,1,"[{""chunk_id"": 202, ""page"": 11, ""source"": ""./uploads/D2_llama_cpp_README.pdf""}, {""chunk_id"": 174, ""page"": 2, ""source"": ""./uploads/D2_llama_cpp_README.pdf""}, {""chunk_id"": 193, ""page"": 9, ""source"": ""./uploads/D2_llama_cpp_README.pdf""}]","{""detailed_sources"": [{""chunk_id"": 202, ""page"": 11, ""source"": ""./uploads/D2_llama_cpp_README.pdf""}, {""chunk_id"": 174, ""page"": 2, ""source"": ""./uploads/D2_llama_cpp_README.pdf""}, {""chunk_id"": 193, ""page"": 9, ""source"": ""./uploads/D2_llama_cpp_README.pdf""}], ""files"": [""./uploads/D2_llama_cpp_README.pdf""]}"
C1,R6,Q014,1,"[{""chunk_id"": 176, ""page"": 2, ""source"": ""./uploads/D2_llama_cpp_README.pdf""}, {""chunk_id"": 175, ""page"": 2, ""source"": ""./uploads/D2_llama_cpp_README.pdf""}, {""chunk_id"": 5, ""page"": 1, ""source"": ""./uploads/D1_RAG_Lewis_2020.pdf""}]","{""detailed_sources"": [{""chunk_id"": 176, ""page"": 2, ""source"": ""./uploads/D2_llama_cpp_README.pdf""}, {""chunk_id"": 175, ""page"": 2, ""source"": ""./uploads/D2_llama_cpp_README.pdf""}, {""chunk_id"": 5, ""page"": 1, ""source"": ""./uploads/D1_RAG_Lewis_2020.pdf""}], ""files"": [""./uploads/D2_llama_cpp_README.pdf"", ""./uploads/D1_RAG_Lewis_2020.pdf""]}"
C1,R6,Q015,1,"[{""chunk_id"": 174, ""page"": 2, ""source"": ""./uploads/D2_llama_cpp_README.pdf""}, {""chunk_id"": 201, ""page"": 11, ""source"": ""./uploads/D2_llama_cpp_README.pdf""}, {""chunk_id"": 194, ""page"": 9, ""source"": ""./uploads/D2_llama_cpp_README.pdf""}]","{""detailed_sources"": [{""chunk_id"": 174, ""page"": 2, ""source"": ""./uploads/D2_llama_cpp_README.pdf""}, {""chunk_id"": 201, ""page"": 11, ""source"": ""./uploads/D2_llama_cpp_README.pdf""}, {""chunk_id"": 194, ""page"": 9, ""source"": ""./uploads/D2_llama_cpp_README.pdf""}], ""files"": [""./uploads/D2_llama_cpp_README.pdf""]}"
C1,R6,Q016,1,"[{""chunk_id"": 201, ""page"": 11, ""source"": ""./uploads/D2_llama_cpp_README.pdf""}, {""chunk_id"": 174, ""page"": 2, ""source"": ""./uploads/D2_llama_cpp_README.pdf""}, {""chunk_id"": 618, ""page"": 16, ""source"": ""./uploads/D4_ICO_AI_Data_Protection_Guidance.pdf""}]","{""detailed_sources"": [{""chunk_id"": 201, ""page"": 11, ""source"": ""./uploads/D2_llama_cpp_README.pdf""}, {""chunk_id"": 174, ""page"": 2, ""source"": ""./uploads/D2_llama_cpp_README.pdf""}, {""chunk_id"": 618, ""page"": 16, ""source"": ""./uploads/D4_ICO_AI_Data_Protection_Guidance.pdf""}], ""files"": [""./uploads/D2_llama_cpp_README.pdf"", ""./uploads/D4_ICO_AI_Data_Protection_Guidance.pdf""]}"
C1,R6,Q017,1,"[{""chunk_id"": 192, ""page"": 9, ""source"": ""./uploads/D2_llama_cpp_README.pdf""}, {""chunk_id"": 174, ""page"": 2, ""source"": ""./uploads/D2_llama_cpp_README.pdf""}, {""chunk_id"": 173, ""page"": 1, ""source"": ""./uploads/D2_llama_cpp_README.pdf""}]","{""detailed_sources"": [{""chunk_id"": 192, ""page"": 9, ""source"": ""./uploads/D2_llama_cpp_README.pdf""}, {""chunk_id"": 174, ""page"": 2, ""source"": ""./uploads/D2_llama_cpp_README.pdf""}, {""chunk_id"": 173, ""page"": 1, ""source"": ""./uploads/D2_llama_cpp_README.pdf""}], ""files"": [""./uploads/D2_llama_cpp_README.pdf""]}"
C1,R6,Q018,1,"[{""chunk_id"": 707, ""page"": 25, ""source"": ""./uploads/D4_ICO_AI_Data_Protection_Guidance.pdf""}, {""chunk_id"": 637, ""page"": 18, ""source"": ""./uploads/D4_ICO_AI_Data_Protection_Guidance.pdf""}, {""chunk_id"": 638, ""page"": 18, ""source"": ""./uploads/D4_ICO_AI_Data_Protection_Guidance.pdf""}]","{""detailed_sources"": [{""chunk_id"": 707, ""page"": 25, ""source"": ""./uploads/D4_ICO_AI_Data_Protection_Guidance.pdf""}, {""chunk_id"": 637, ""page"": 18, ""source"": ""./uploads/D4_ICO_AI_Data_Protection_Guidance.pdf""}, {""chunk_id"": 638, ""page"": 18, ""source"": ""./uploads/D4_ICO_AI_Data_Protection_Guidance.pdf""}], ""files"": [""./uploads/D4_ICO_AI_Data_Protection_Guidance.pdf""]}"
C1,R6,Q019,1,"[{""chunk_id"": 205, ""page"": 13, ""source"": ""./uploads/D2_llama_cpp_README.pdf""}, {""chunk_id"": 73, ""page"": 8, ""source"": ""./uploads/D1_RAG_Lewis_2020.pdf""}, {""chunk_id"": 456, ""page"": 43, ""source"": ""./uploads/D3_NIST_AI_RMF_1_0.pdf""}]","{""detailed_sources"": [{""chunk_id"": 205, ""page"": 13, ""source"": ""./uploads/D2_llama_cpp_README.pdf""}, {""chunk_id"": 73, ""page"": 8, ""source"": ""./uploads/D1_RAG_Lewis_2020.pdf""}, {""chunk_id"": 456, ""page"": 43, ""source"": ""./uploads/D3_NIST_AI_RMF_1_0.pdf""}], ""files"": [""./uploads/D3_NIST_AI_RMF_1_0.pdf"", ""./uploads/D2_llama_cpp_README.pdf"", ""./uploads/D1_RAG_Lewis_2020.pdf""]}"
C1,R6,Q020,1,"[{""chunk_id"": 175, ""page"": 2, ""source"": ""./uploads/D2_llama_cpp_README.pdf""}, {""chunk_id"": 709, ""page"": 25, ""source"": ""./uploads/D4_ICO_AI_Data_Protection_Guidance.pdf""}, {""chunk_id"": 690, ""page"": 23, ""source"": ""./uploads/D4_ICO_AI_Data_Protection_Guidance.pdf""}]","{""detailed_sources"": [{""chunk_id"": 175, ""page"": 2, ""source"": ""./uploads/D2_llama_cpp_README.pdf""}, {""chunk_id"": 709, ""page"": 25, ""source"": ""./uploads/D4_ICO_AI_Data_Protection_Guidance.pdf""}, {""chunk_id"": 690, ""page"": 23, ""source"": ""./uploads/D4_ICO_AI_Data_Protection_Guidance.pdf""}], ""files"": [""./uploads/D2_llama_cpp_README.pdf"", ""./uploads/D4_ICO_AI_Data_Protection_Guidance.pdf""]}"
C1,R6,Q021,1,"[{""chunk_id"": 248, ""page"": 9, ""source"": ""./uploads/D3_NIST_AI_RMF_1_0.pdf""}, {""chunk_id"": 344, ""page"": 24, ""source"": ""./uploads/D3_NIST_AI_RMF_1_0.pdf""}, {""chunk_id"": 243, ""page"": 8, ""source"": ""./uploads/D3_NIST_AI_RMF_1_0.pdf""}]","{""detailed_sources"": [{""chunk_id"": 248, ""page"": 9, ""source"": ""./uploads/D3_NIST_AI_RMF_1_0.pdf""}, {""chunk_id"": 344, ""page"": 24, ""source"": ""./uploads/D3_NIST_AI_RMF_1_0.pdf""}, {""chunk_id"": 243, ""page"": 8, ""source"": ""./uploads/D3_NIST_AI_RMF_1_0.pdf""}], ""files"": [""./uploads/D3_NIST_AI_RMF_1_0.pdf""]}"
C1,R6,Q022,1,"[{""chunk_id"": 416, ""page"": 36, ""source"": ""./uploads/D3_NIST_AI_RMF_1_0.pdf""}, {""chunk_id"": 258, ""page"": 10, ""source"": ""./uploads/D3_NIST_AI_RMF_1_0.pdf""}, {""chunk_id"": 275, ""page"": 13, ""source"": ""./uploads/D3_NIST_AI_RMF_1_0.pdf""}]","{""detailed_sources"": [{""chunk_id"": 416, ""page"": 36, ""source"": ""./uploads/D3_NIST_AI_RMF_1_0.pdf""}, {""chunk_id"": 258, ""page"": 10, ""source"": ""./uploads/D3_NIST_AI_RMF_1_0.pdf""}, {""chunk_id"": 275, ""page"": 13, ""source"": ""./uploads/D3_NIST_AI_RMF_1_0.pdf""}], ""files"": [""./uploads/D3_NIST_AI_RMF_1_0.pdf""]}"
C1,R6,Q023,1,"[{""chunk_id"": 298, ""page"": 17, ""source"": ""./uploads/D3_NIST_AI_RMF_1_0.pdf""}, {""chunk_id"": 304, ""page"": 18, ""source"": ""./uploads/D3_NIST_AI_RMF_1_0.pdf""}, {""chunk_id"": 299, ""page"": 17, ""source"": ""./uploads/D3_NIST_AI_RMF_1_0.pdf""}]","{""detailed_sources"": [{""chunk_id"": 298, ""page"": 17, ""source"": ""./uploads/D3_NIST_AI_RMF_1_0.pdf""}, {""chunk_id"": 304, ""page"": 18, ""source"": ""./uploads/D3_NIST_AI_RMF_1_0.pdf""}, {""chunk_id"": 299, ""page"": 17, ""source"": ""./uploads/D3_NIST_AI_RMF_1_0.pdf""}], ""files"": [""./uploads/D3_NIST_AI_RMF_1_0.pdf""]}"
C1,R6,Q024,1,"[{""chunk_id"": 482, ""page"": 47, ""source"": ""./uploads/D3_NIST_AI_RMF_1_0.pdf""}, {""chunk_id"": 415, ""page"": 36, ""source"": ""./uploads/D3_NIST_AI_RMF_1_0.pdf""}, {""chunk_id"": 410, ""page"": 35, ""source"": ""./uploads/D3_NIST_AI_RMF_1_0.pdf""}]","{""detailed_sources"": [{""chunk_id"": 482, ""page"": 47, ""source"": ""./uploads/D3_NIST_AI_RMF_1_0.pdf""}, {""chunk_id"": 415, ""page"": 36, ""source"": ""./uploads/D3_NIST_AI_RMF_1_0.pdf""}, {""chunk_id"": 410, ""page"": 35, ""source"": ""./uploads/D3_NIST_AI_RMF_1_0.pdf""}], ""files"": [""./uploads/D3_NIST_AI_RMF_1_0.pdf""]}"
C1,R6,Q025,1,"[{""chunk_id"": 250, ""page"": 9, ""source"": ""./uploads/D3_NIST_AI_RMF_1_0.pdf""}, {""chunk_id"": 268, ""page"": 12, ""source"": ""./uploads/D3_NIST_AI_RMF_1_0.pdf""}, {""chunk_id"": 270, ""page"": 12, ""source"": ""./uploads/D3_NIST_AI_RMF_1_0.pdf""}]","{""detailed_sources"": [{""chunk_id"": 250, ""page"": 9, ""source"": ""./uploads/D3_NIST_AI_RMF_1_0.pdf""}, {""chunk_id"": 268, ""page"": 12, ""source"": ""./uploads/D3_NIST_AI_RMF_1_0.pdf""}, {""chunk_id"": 270, ""page"": 12, ""source"": ""./uploads/D3_NIST_AI_RMF_1_0.pdf""}], ""files"": [""./uploads/D3_NIST_AI_RMF_1_0.pdf""]}"
C1,R6,Q026,1,"[{""chunk_id"": 462, ""page"": 44, ""source"": ""./uploads/D3_NIST_AI_RMF_1_0.pdf""}, {""chunk_id"": 240, ""page"": 7, ""source"": ""./uploads/D3_NIST_AI_RMF_1_0.pdf""}, {""chunk_id"": 481, ""page"": 47, ""source"": ""./uploads/D3_NIST_AI_RMF_1_0.pdf""}]","{""detailed_sources"": [{""chunk_id"": 462, ""page"": 44, ""source"": ""./uploads/D3_NIST_AI_RMF_1_0.pdf""}, {""chunk_id"": 240, ""page"": 7, ""source"": ""./uploads/D3_NIST_AI_RMF_1_0.pdf""}, {""chunk_id"": 481, ""page"": 47, ""source"": ""./uploads/D3_NIST_AI_RMF_1_0.pdf""}], ""files"": [""./uploads/D3_NIST_AI_RMF_1_0.pdf""]}"
C1,R6,Q027,1,"[{""chunk_id"": 380, ""page"": 30, ""source"": ""./uploads/D3_NIST_AI_RMF_1_0.pdf""}, {""chunk_id"": 254, ""page"": 9, ""source"": ""./uploads/D3_NIST_AI_RMF_1_0.pdf""}, {""chunk_id"": 384, ""page"": 31, ""source"": ""./uploads/D3_NIST_AI_RMF_1_0.pdf""}]","{""detailed_sources"": [{""chunk_id"": 380, ""page"": 30, ""source"": ""./uploads/D3_NIST_AI_RMF_1_0.pdf""}, {""chunk_id"": 254, ""page"": 9, ""source"": ""./uploads/D3_NIST_AI_RMF_1_0.pdf""}, {""chunk_id"": 384, ""page"": 31, ""source"": ""./uploads/D3_NIST_AI_RMF_1_0.pdf""}], ""files"": [""./uploads/D3_NIST_AI_RMF_1_0.pdf""]}"
C1,R6,Q028,1,"[{""chunk_id"": 273, ""page"": 12, ""source"": ""./uploads/D3_NIST_AI_RMF_1_0.pdf""}, {""chunk_id"": 259, ""page"": 10, ""source"": ""./uploads/D3_NIST_AI_RMF_1_0.pdf""}, {""chunk_id"": 264, ""page"": 11, ""source"": ""./uploads/D3_NIST_AI_RMF_1_0.pdf""}]","{""detailed_sources"": [{""chunk_id"": 273, ""page"": 12, ""source"": ""./uploads/D3_NIST_AI_RMF_1_0.pdf""}, {""chunk_id"": 259, ""page"": 10, ""source"": ""./uploads/D3_NIST_AI_RMF_1_0.pdf""}, {""chunk_id"": 264, ""page"": 11, ""source"": ""./uploads/D3_NIST_AI_RMF_1_0.pdf""}], ""files"": [""./uploads/D3_NIST_AI_RMF_1_0.pdf""]}"
C1,R6,Q029,1,"[{""chunk_id"": 226, ""page"": 5, ""source"": ""./uploads/D3_NIST_AI_RMF_1_0.pdf""}, {""chunk_id"": 379, ""page"": 30, ""source"": ""./uploads/D3_NIST_AI_RMF_1_0.pdf""}, {""chunk_id"": 359, ""page"": 27, ""source"": ""./uploads/D3_NIST_AI_RMF_1_0.pdf""}]","{""detailed_sources"": [{""chunk_id"": 226, ""page"": 5, ""source"": ""./uploads/D3_NIST_AI_RMF_1_0.pdf""}, {""chunk_id"": 379, ""page"": 30, ""source"": ""./uploads/D3_NIST_AI_RMF_1_0.pdf""}, {""chunk_id"": 359, ""page"": 27, ""source"": ""./uploads/D3_NIST_AI_RMF_1_0.pdf""}], ""files"": [""./uploads/D3_NIST_AI_RMF_1_0.pdf""]}"
C1,R6,Q030,1,"[{""chunk_id"": 593, ""page"": 14, ""source"": ""./uploads/D4_ICO_AI_Data_Protection_Guidance.pdf""}, {""chunk_id"": 491, ""page"": 1, ""source"": ""./uploads/D4_ICO_AI_Data_Protection_Guidance.pdf""}, {""chunk_id"": 600, ""page"": 14, ""source"": ""./uploads/D4_ICO_AI_Data_Protection_Guidance.pdf""}]","{""detailed_sources"": [{""chunk_id"": 593, ""page"": 14, ""source"": ""./uploads/D4_ICO_AI_Data_Protection_Guidance.pdf""}, {""chunk_id"": 491, ""page"": 1, ""source"": ""./uploads/D4_ICO_AI_Data_Protection_Guidance.pdf""}, {""chunk_id"": 600, ""page"": 14, ""source"": ""./uploads/D4_ICO_AI_Data_Protection_Guidance.pdf""}], ""files"": [""./uploads/D4_ICO_AI_Data_Protection_Guidance.pdf""]}"
C1,R6,Q031,1,"[{""chunk_id"": 504, ""page"": 3, ""source"": ""./uploads/D4_ICO_AI_Data_Protection_Guidance.pdf""}, {""chunk_id"": 505, ""page"": 3, ""source"": ""./uploads/D4_ICO_AI_Data_Protection_Guidance.pdf""}, {""chunk_id"": 323, ""page"": 20, ""source"": ""./uploads/D3_NIST_AI_RMF_1_0.pdf""}]","{""detailed_sources"": [{""chunk_id"": 504, ""page"": 3, ""source"": ""./uploads/D4_ICO_AI_Data_Protection_Guidance.pdf""}, {""chunk_id"": 505, ""page"": 3, ""source"": ""./uploads/D4_ICO_AI_Data_Protection_Guidance.pdf""}, {""chunk_id"": 323, ""page"": 20, ""source"": ""./uploads/D3_NIST_AI_RMF_1_0.pdf""}], ""files"": [""./uploads/D3_NIST_AI_RMF_1_0.pdf"", ""./uploads/D4_ICO_AI_Data_Protection_Guidance.pdf""]}"
C1,R6,Q032,1,"[{""chunk_id"": 508, ""page"": 4, ""source"": ""./uploads/D4_ICO_AI_Data_Protection_Guidance.pdf""}, {""chunk_id"": 534, ""page"": 7, ""source"": ""./uploads/D4_ICO_AI_Data_Protection_Guidance.pdf""}, {""chunk_id"": 509, ""page"": 4, ""source"": ""./uploads/D4_ICO_AI_Data_Protection_Guidance.pdf""}]","{""detailed_sources"": [{""chunk_id"": 508, ""page"": 4, ""source"": ""./uploads/D4_ICO_AI_Data_Protection_Guidance.pdf""}, {""chunk_id"": 534, ""page"": 7, ""source"": ""./uploads/D4_ICO_AI_Data_Protection_Guidance.pdf""}, {""chunk_id"": 509, ""page"": 4, ""source"": ""./uploads/D4_ICO_AI_Data_Protection_Guidance.pdf""}], ""files"": [""./uploads/D4_ICO_AI_Data_Protection_Guidance.pdf""]}"
C1,R6,Q033,1,"[{""chunk_id"": 567, ""page"": 11, ""source"": ""./uploads/D4_ICO_AI_Data_Protection_Guidance.pdf""}, {""chunk_id"": 568, ""page"": 11, ""source"": ""./uploads/D4_ICO_AI_Data_Protection_Guidance.pdf""}, {""chunk_id"": 574, ""page"": 12, ""source"": ""./uploads/D4_ICO_AI_Data_Protection_Guidance.pdf""}]","{""detailed_sources"": [{""chunk_id"": 567, ""page"": 11, ""source"": ""./uploads/D4_ICO_AI_Data_Protection_Guidance.pdf""}, {""chunk_id"": 568, ""page"": 11, ""source"": ""./uploads/D4_ICO_AI_Data_Protection_Guidance.pdf""}, {""chunk_id"": 574, ""page"": 12, ""source"": ""./uploads/D4_ICO_AI_Data_Protection_Guidance.pdf""}], ""files"": [""./uploads/D4_ICO_AI_Data_Protection_Guidance.pdf""]}"
C1,R6,Q034,1,"[{""chunk_id"": 600, ""page"": 14, ""source"": ""./uploads/D4_ICO_AI_Data_Protection_Guidance.pdf""}, {""chunk_id"": 602, ""page"": 15, ""source"": ""./uploads/D4_ICO_AI_Data_Protection_Guidance.pdf""}, {""chunk_id"": 599, ""page"": 14, ""source"": ""./uploads/D4_ICO_AI_Data_Protection_Guidance.pdf""}]","{""detailed_sources"": [{""chunk_id"": 600, ""page"": 14, ""source"": ""./uploads/D4_ICO_AI_Data_Protection_Guidance.pdf""}, {""chunk_id"": 602, ""page"": 15, ""source"": ""./uploads/D4_ICO_AI_Data_Protection_Guidance.pdf""}, {""chunk_id"": 599, ""page"": 14, ""source"": ""./uploads/D4_ICO_AI_Data_Protection_Guidance.pdf""}], ""files"": [""./uploads/D4_ICO_AI_Data_Protection_Guidance.pdf""]}"
C1,R6,Q035,1,"[{""chunk_id"": 653, ""page"": 20, ""source"": ""./uploads/D4_ICO_AI_Data_Protection_Guidance.pdf""}, {""chunk_id"": 651, ""page"": 20, ""source"": ""./uploads/D4_ICO_AI_Data_Protection_Guidance.pdf""}, {""chunk_id"": 654, ""page"": 20, ""source"": ""./uploads/D4_ICO_AI_Data_Protection_Guidance.pdf""}]","{""detailed_sources"": [{""chunk_id"": 653, ""page"": 20, ""source"": ""./uploads/D4_ICO_AI_Data_Protection_Guidance.pdf""}, {""chunk_id"": 651, ""page"": 20, ""source"": ""./uploads/D4_ICO_AI_Data_Protection_Guidance.pdf""}, {""chunk_id"": 654, ""page"": 20, ""source"": ""./uploads/D4_ICO_AI_Data_Protection_Guidance.pdf""}], ""files"": [""./uploads/D4_ICO_AI_Data_Protection_Guidance.pdf""]}"
C1,R6,Q036,1,"[{""chunk_id"": 654, ""page"": 20, ""source"": ""./uploads/D4_ICO_AI_Data_Protection_Guidance.pdf""}, {""chunk_id"": 711, ""page"": 26, ""source"": ""./uploads/D4_ICO_AI_Data_Protection_Guidance.pdf""}, {""chunk_id"": 554, ""page"": 9, ""source"": ""./uploads/D4_ICO_AI_Data_Protection_Guidance.pdf""}]","{""detailed_sources"": [{""chunk_id"": 654, ""page"": 20, ""source"": ""./uploads/D4_ICO_AI_Data_Protection_Guidance.pdf""}, {""chunk_id"": 711, ""page"": 26, ""source"": ""./uploads/D4_ICO_AI_Data_Protection_Guidance.pdf""}, {""chunk_id"": 554, ""page"": 9, ""source"": ""./uploads/D4_ICO_AI_Data_Protection_Guidance.pdf""}], ""files"": [""./uploads/D4_ICO_AI_Data_Protection_Guidance.pdf""]}"
C1,R6,Q037,1,"[{""chunk_id"": 709, ""page"": 25, ""source"": ""./uploads/D4_ICO_AI_Data_Protection_Guidance.pdf""}, {""chunk_id"": 543, ""page"": 8, ""source"": ""./uploads/D4_ICO_AI_Data_Protection_Guidance.pdf""}, {""chunk_id"": 541, ""page"": 8, ""source"": ""./uploads/D4_ICO_AI_Data_Protection_Guidance.pdf""}]","{""detailed_sources"": [{""chunk_id"": 709, ""page"": 25, ""source"": ""./uploads/D4_ICO_AI_Data_Protection_Guidance.pdf""}, {""chunk_id"": 543, ""page"": 8, ""source"": ""./uploads/D4_ICO_AI_Data_Protection_Guidance.pdf""}, {""chunk_id"": 541, ""page"": 8, ""source"": ""./uploads/D4_ICO_AI_Data_Protection_Guidance.pdf""}], ""files"": [""./uploads/D4_ICO_AI_Data_Protection_Guidance.pdf""]}"
C1,R6,Q038,1,"[{""chunk_id"": 50, ""page"": 6, ""source"": ""./uploads/D1_RAG_Lewis_2020.pdf""}, {""chunk_id"": 33, ""page"": 4, ""source"": ""./uploads/D1_RAG_Lewis_2020.pdf""}, {""chunk_id"": 35, ""page"": 4, ""source"": ""./uploads/D1_RAG_Lewis_2020.pdf""}]","{""detailed_sources"": [{""chunk_id"": 50, ""page"": 6, ""source"": ""./uploads/D1_RAG_Lewis_2020.pdf""}, {""chunk_id"": 33, ""page"": 4, ""source"": ""./uploads/D1_RAG_Lewis_2020.pdf""}, {""chunk_id"": 35, ""page"": 4, ""source"": ""./uploads/D1_RAG_Lewis_2020.pdf""}], ""files"": [""./uploads/D1_RAG_Lewis_2020.pdf""]}"
C1,R6,Q039,1,"[{""chunk_id"": 335, ""page"": 22, ""source"": ""./uploads/D3_NIST_AI_RMF_1_0.pdf""}, {""chunk_id"": 334, ""page"": 22, ""source"": ""./uploads/D3_NIST_AI_RMF_1_0.pdf""}, {""chunk_id"": 654, ""page"": 20, ""source"": ""./uploads/D4_ICO_AI_Data_Protection_Guidance.pdf""}]","{""detailed_sources"": [{""chunk_id"": 335, ""page"": 22, ""source"": ""./uploads/D3_NIST_AI_RMF_1_0.pdf""}, {""chunk_id"": 334, ""page"": 22, ""source"": ""./uploads/D3_NIST_AI_RMF_1_0.pdf""}, {""chunk_id"": 654, ""page"": 20, ""source"": ""./uploads/D4_ICO_AI_Data_Protection_Guidance.pdf""}], ""files"": [""./uploads/D3_NIST_AI_RMF_1_0.pdf"", ""./uploads/D4_ICO_AI_Data_Protection_Guidance.pdf""]}"
C1,R6,Q040,1,"[{""chunk_id"": 41, ""page"": 5, ""source"": ""./uploads/D1_RAG_Lewis_2020.pdf""}, {""chunk_id"": 75, ""page"": 8, ""source"": ""./uploads/D1_RAG_Lewis_2020.pdf""}, {""chunk_id"": 160, ""page"": 18, ""source"": ""./uploads/D1_RAG_Lewis_2020.pdf""}]","{""detailed_sources"": [{""chunk_id"": 41, ""page"": 5, ""source"": ""./uploads/D1_RAG_Lewis_2020.pdf""}, {""chunk_id"": 75, ""page"": 8, ""source"": ""./uploads/D1_RAG_Lewis_2020.pdf""}, {""chunk_id"": 160, ""page"": 18, ""source"": ""./uploads/D1_RAG_Lewis_2020.pdf""}], ""files"": [""./uploads/D1_RAG_Lewis_2020.pdf""]}"
C1,R6,Q001,2,"[{""chunk_id"": 0, ""page"": 1, ""source"": ""./uploads/D1_RAG_Lewis_2020.pdf""}, {""chunk_id"": 148, ""page"": 17, ""source"": ""./uploads/D1_RAG_Lewis_2020.pdf""}, {""chunk_id"": 75, ""page"": 8, ""source"": ""./uploads/D1_RAG_Lewis_2020.pdf""}]","{""detailed_sources"": [{""chunk_id"": 0, ""page"": 1, ""source"": ""./uploads/D1_RAG_Lewis_2020.pdf""}, {""chunk_id"": 148, ""page"": 17, ""source"": ""./uploads/D1_RAG_Lewis_2020.pdf""}, {""chunk_id"": 75, ""page"": 8, ""source"": ""./uploads/D1_RAG_Lewis_2020.pdf""}], ""files"": [""./uploads/D1_RAG_Lewis_2020.pdf""]}"
C1,R6,Q002,2,"[{""chunk_id"": 12, ""page"": 2, ""source"": ""./uploads/D1_RAG_Lewis_2020.pdf""}, {""chunk_id"": 84, ""page"": 9, ""source"": ""./uploads/D1_RAG_Lewis_2020.pdf""}, {""chunk_id"": 16, ""page"": 2, ""source"": ""./uploads/D1_RAG_Lewis_2020.pdf""}]","{""detailed_sources"": [{""chunk_id"": 12, ""page"": 2, ""source"": ""./uploads/D1_RAG_Lewis_2020.pdf""}, {""chunk_id"": 84, ""page"": 9, ""source"": ""./uploads/D1_RAG_Lewis_2020.pdf""}, {""chunk_id"": 16, ""page"": 2, ""source"": ""./uploads/D1_RAG_Lewis_2020.pdf""}], ""files"": [""./uploads/D1_RAG_Lewis_2020.pdf""]}"
C1,R6,Q003,2,"[{""chunk_id"": 92, ""page"": 10, ""source"": ""./uploads/D1_RAG_Lewis_2020.pdf""}, {""chunk_id"": 75, ""page"": 8, ""source"": ""./uploads/D1_RAG_Lewis_2020.pdf""}, {""chunk_id"": 41, ""page"": 5, ""source"": ""./uploads/D1_RAG_Lewis_2020.pdf""}]","{""detailed_sources"": [{""chunk_id"": 92, ""page"": 10, ""source"": ""./uploads/D1_RAG_Lewis_2020.pdf""}, {""chunk_id"": 75, ""page"": 8, ""source"": ""./uploads/D1_RAG_Lewis_2020.pdf""}, {""chunk_id"": 41, ""page"": 5, ""source"": ""./uploads/D1_RAG_Lewis_2020.pdf""}], ""files"": [""./uploads/D1_RAG_Lewis_2020.pdf""]}"
C1,R6,Q004,2,"[{""chunk_id"": 46, ""page"": 5, ""source"": ""./uploads/D1_RAG_Lewis_2020.pdf""}, {""chunk_id"": 65, ""page"": 7, ""source"": ""./uploads/D1_RAG_Lewis_2020.pdf""}, {""chunk_id"": 21, ""page"": 3, ""source"": ""./uploads/D1_RAG_Lewis_2020.pdf""}]","{""detailed_sources"": [{""chunk_id"": 46, ""page"": 5, ""source"": ""./uploads/D1_RAG_Lewis_2020.pdf""}, {""chunk_id"": 65, ""page"": 7, ""source"": ""./uploads/D1_RAG_Lewis_2020.pdf""}, {""chunk_id"": 21, ""page"": 3, ""source"": ""./uploads/D1_RAG_Lewis_2020.pdf""}], ""files"": [""./uploads/D1_RAG_Lewis_2020.pdf""]}"
C1,R6,Q005,2,"[{""chunk_id"": 16, ""page"": 2, ""source"": ""./uploads/D1_RAG_Lewis_2020.pdf""}, {""chunk_id"": 5, ""page"": 1, ""source"": ""./uploads/D1_RAG_Lewis_2020.pdf""}, {""chunk_id"": 163, ""page"": 18, ""source"": ""./uploads/D1_RAG_Lewis_2020.pdf""}]","{""detailed_sources"": [{""chunk_id"": 16, ""page"": 2, ""source"": ""./uploads/D1_RAG_Lewis_2020.pdf""}, {""chunk_id"": 5, ""page"": 1, ""source"": ""./uploads/D1_RAG_Lewis_2020.pdf""}, {""chunk_id"": 163, ""page"": 18, ""source"": ""./uploads/D1_RAG_Lewis_2020.pdf""}], ""files"": [""./uploads/D1_RAG_Lewis_2020.pdf""]}"
C1,R6,Q006,2,"[{""chunk_id"": 18, ""page"": 3, ""source"": ""./uploads/D1_RAG_Lewis_2020.pdf""}, {""chunk_id"": 16, ""page"": 2, ""source"": ""./uploads/D1_RAG_Lewis_2020.pdf""}, {""chunk_id"": 10, ""page"": 2, ""source"": ""./uploads/D1_RAG_Lewis_2020.pdf""}]","{""detailed_sources"": [{""chunk_id"": 18, ""page"": 3, ""source"": ""./uploads/D1_RAG_Lewis_2020.pdf""}, {""chunk_id"": 16, ""page"": 2, ""source"": ""./uploads/D1_RAG_Lewis_2020.pdf""}, {""chunk_id"": 10, ""page"": 2, ""source"": ""./uploads/D1_RAG_Lewis_2020.pdf""}], ""files"": [""./uploads/D1_RAG_Lewis_2020.pdf""]}"
C1,R6,Q007,2,"[{""chunk_id"": 387, ""page"": 31, ""source"": ""./uploads/D3_NIST_AI_RMF_1_0.pdf""}, {""chunk_id"": 432, ""page"": 40, ""source"": ""./uploads/D3_NIST_AI_RMF_1_0.pdf""}, {""chunk_id"": 102, ""page"": 11, ""source"": ""./uploads/D1_RAG_Lewis_2020.pdf""}]","{""detailed_sources"": [{""chunk_id"": 387, ""page"": 31, ""source"": ""./uploads/D3_NIST_AI_RMF_1_0.pdf""}, {""chunk_id"": 432, ""page"": 40, ""source"": ""./uploads/D3_NIST_AI_RMF_1_0.pdf""}, {""chunk_id"": 102, ""page"": 11, ""source"": ""./uploads/D1_RAG_Lewis_2020.pdf""}], ""files"": [""./uploads/D1_RAG_Lewis_2020.pdf"", ""./uploads/D3_NIST_AI_RMF_1_0.pdf""]}"
C1,R6,Q008,2,"[{""chunk_id"": 0, ""page"": 1, ""source"": ""./uploads/D1_RAG_Lewis_2020.pdf""}, {""chunk_id"": 79, ""page"": 9, ""source"": ""./uploads/D1_RAG_Lewis_2020.pdf""}, {""chunk_id"": 456, ""page"": 43, ""source"": ""./uploads/D3_NIST_AI_RMF_1_0.pdf""}]","{""detailed_sources"": [{""chunk_id"": 0, ""page"": 1, ""source"": ""./uploads/D1_RAG_Lewis_2020.pdf""}, {""chunk_id"": 79, ""page"": 9, ""source"": ""./uploads/D1_RAG_Lewis_2020.pdf""}, {""chunk_id"": 456, ""page"": 43, ""source"": ""./uploads/D3_NIST_AI_RMF_1_0.pdf""}], ""files"": [""./uploads/D3_NIST_AI_RMF_1_0.pdf"", ""./uploads/D1_RAG_Lewis_2020.pdf""]}"
C1,R6,Q009,2,"[{""chunk_id"": 63, ""page"": 7, ""source"": ""./uploads/D1_RAG_Lewis_2020.pdf""}, {""chunk_id"": 44, ""page"": 5, ""source"": ""./uploads/D1_RAG_Lewis_2020.pdf""}, {""chunk_id"": 570, ""page"": 11, ""source"": ""./uploads/D4_ICO_AI_Data_Protection_Guidance.pdf""}]","{""detailed_sources"": [{""chunk_id"": 63, ""page"": 7, ""source"": ""./uploads/D1_RAG_Lewis_2020.pdf""}, {""chunk_id"": 44, ""page"": 5, ""source"": ""./uploads/D1_RAG_Lewis_2020.pdf""}, {""chunk_id"": 570, ""page"": 11, ""source"": ""./uploads/D4_ICO_AI_Data_Protection_Guidance.pdf""}], ""files"": [""./uploads/D1_RAG_Lewis_2020.pdf"", ""./uploads/D4_ICO_AI_Data_Protection_Guidance.pdf""]}"
C1,R6,Q010,2,"[{""chunk_id"": 65, ""page"": 7, ""source"": ""./uploads/D1_RAG_Lewis_2020.pdf""}, {""chunk_id"": 53, ""page"": 6, ""source"": ""./uploads/D1_RAG_Lewis_2020.pdf""}, {""chunk_id"": 59, ""page"": 7, ""source"": ""./uploads/D1_RAG_Lewis_2020.pdf""}]","{""detailed_sources"": [{""chunk_id"": 65, ""page"": 7, ""source"": ""./uploads/D1_RAG_Lewis_2020.pdf""}, {""chunk_id"": 53, ""page"": 6, ""source"": ""./uploads/D1_RAG_Lewis_2020.pdf""}, {""chunk_id"": 59, ""page"": 7, ""source"": ""./uploads/D1_RAG_Lewis_2020.pdf""}], ""files"": [""./uploads/D1_RAG_Lewis_2020.pdf""]}"
C1,R6,Q011,2,"[{""chunk_id"": 174, ""page"": 2, ""source"": ""./uploads/D2_llama_cpp_README.pdf""}, {""chunk_id"": 171, ""page"": 1, ""source"": ""./uploads/D2_llama_cpp_README.pdf""}, {""chunk_id"": 196, ""page"": 9, ""source"": ""./uploads/D2_llama_cpp_README.pdf""}]","{""detailed_sources"": [{""chunk_id"": 174, ""page"": 2, ""source"": ""./uploads/D2_llama_cpp_README.pdf""}, {""chunk_id"": 171, ""page"": 1, ""source"": ""./uploads/D2_llama_cpp_README.pdf""}, {""chunk_id"": 196, ""page"": 9, ""source"": ""./uploads/D2_llama_cpp_README.pdf""}], ""files"": [""./uploads/D2_llama_cpp_README.pdf""]}"
C1,R6,Q012,2,"[{""chunk_id"": 174, ""page"": 2, ""source"": ""./uploads/D2_llama_cpp_README.pdf""}, {""chunk_id"": 171, ""page"": 1, ""source"": ""./uploads/D2_llama_cpp_README.pdf""}, {""chunk_id"": 196, ""page"": 9, ""source"": ""./uploads/D2_llama_cpp_README.pdf""}]","{""detailed_sources"": [{""chunk_id"": 174, ""page"": 2, ""source"": ""./uploads/D2_llama_cpp_README.pdf""}, {""chunk_id"": 171, ""page"": 1, ""source"": ""./uploads/D2_llama_cpp_README.pdf""}, {""chunk_id"": 196, ""page"": 9, ""source"": ""./uploads/D2_llama_cpp_README.pdf""}], ""files"": [""./uploads/D2_llama_cpp_README.pdf""]}"
C1,R6,Q013,2,"[{""chunk_id"": 202, ""page"": 11, ""source"": ""./uploads/D2_llama_cpp_README.pdf""}, {""chunk_id"": 174, ""page"": 2, ""source"": ""./uploads/D2_llama_cpp_README.pdf""}, {""chunk_id"": 193, ""page"": 9, ""source"": ""./uploads/D2_llama_cpp_README.pdf""}]","{""detailed_sources"": [{""chunk_id"": 202, ""page"": 11, ""source"": ""./uploads/D2_llama_cpp_README.pdf""}, {""chunk_id"": 174, ""page"": 2, ""source"": ""./uploads/D2_llama_cpp_README.pdf""}, {""chunk_id"": 193, ""page"": 9, ""source"": ""./uploads/D2_llama_cpp_README.pdf""}], ""files"": [""./uploads/D2_llama_cpp_README.pdf""]}"
C1,R6,Q014,2,"[{""chunk_id"": 176, ""page"": 2, ""source"": ""./uploads/D2_llama_cpp_README.pdf""}, {""chunk_id"": 175, ""page"": 2, ""source"": ""./uploads/D2_llama_cpp_README.pdf""}, {""chunk_id"": 5, ""page"": 1, ""source"": ""./uploads/D1_RAG_Lewis_2020.pdf""}]","{""detailed_sources"": [{""chunk_id"": 176, ""page"": 2, ""source"": ""./uploads/D2_llama_cpp_README.pdf""}, {""chunk_id"": 175, ""page"": 2, ""source"": ""./uploads/D2_llama_cpp_README.pdf""}, {""chunk_id"": 5, ""page"": 1, ""source"": ""./uploads/D1_RAG_Lewis_2020.pdf""}], ""files"": [""./uploads/D2_llama_cpp_README.pdf"", ""./uploads/D1_RAG_Lewis_2020.pdf""]}"
C1,R6,Q015,2,"[{""chunk_id"": 174, ""page"": 2, ""source"": ""./uploads/D2_llama_cpp_README.pdf""}, {""chunk_id"": 201, ""page"": 11, ""source"": ""./uploads/D2_llama_cpp_README.pdf""}, {""chunk_id"": 194, ""page"": 9, ""source"": ""./uploads/D2_llama_cpp_README.pdf""}]","{""detailed_sources"": [{""chunk_id"": 174, ""page"": 2, ""source"": ""./uploads/D2_llama_cpp_README.pdf""}, {""chunk_id"": 201, ""page"": 11, ""source"": ""./uploads/D2_llama_cpp_README.pdf""}, {""chunk_id"": 194, ""page"": 9, ""source"": ""./uploads/D2_llama_cpp_README.pdf""}], ""files"": [""./uploads/D2_llama_cpp_README.pdf""]}"
C1,R6,Q016,2,"[{""chunk_id"": 201, ""page"": 11, ""source"": ""./uploads/D2_llama_cpp_README.pdf""}, {""chunk_id"": 174, ""page"": 2, ""source"": ""./uploads/D2_llama_cpp_README.pdf""}, {""chunk_id"": 618, ""page"": 16, ""source"": ""./uploads/D4_ICO_AI_Data_Protection_Guidance.pdf""}]","{""detailed_sources"": [{""chunk_id"": 201, ""page"": 11, ""source"": ""./uploads/D2_llama_cpp_README.pdf""}, {""chunk_id"": 174, ""page"": 2, ""source"": ""./uploads/D2_llama_cpp_README.pdf""}, {""chunk_id"": 618, ""page"": 16, ""source"": ""./uploads/D4_ICO_AI_Data_Protection_Guidance.pdf""}], ""files"": [""./uploads/D2_llama_cpp_README.pdf"", ""./uploads/D4_ICO_AI_Data_Protection_Guidance.pdf""]}"
C1,R6,Q017,2,"[{""chunk_id"": 192, ""page"": 9, ""source"": ""./uploads/D2_llama_cpp_README.pdf""}, {""chunk_id"": 174, ""page"": 2, ""source"": ""./uploads/D2_llama_cpp_README.pdf""}, {""chunk_id"": 173, ""page"": 1, ""source"": ""./uploads/D2_llama_cpp_README.pdf""}]","{""detailed_sources"": [{""chunk_id"": 192, ""page"": 9, ""source"": ""./uploads/D2_llama_cpp_README.pdf""}, {""chunk_id"": 174, ""page"": 2, ""source"": ""./uploads/D2_llama_cpp_README.pdf""}, {""chunk_id"": 173, ""page"": 1, ""source"": ""./uploads/D2_llama_cpp_README.pdf""}], ""files"": [""./uploads/D2_llama_cpp_README.pdf""]}"
C1,R6,Q018,2,"[{""chunk_id"": 707, ""page"": 25, ""source"": ""./uploads/D4_ICO_AI_Data_Protection_Guidance.pdf""}, {""chunk_id"": 637, ""page"": 18, ""source"": ""./uploads/D4_ICO_AI_Data_Protection_Guidance.pdf""}, {""chunk_id"": 638, ""page"": 18, ""source"": ""./uploads/D4_ICO_AI_Data_Protection_Guidance.pdf""}]","{""detailed_sources"": [{""chunk_id"": 707, ""page"": 25, ""source"": ""./uploads/D4_ICO_AI_Data_Protection_Guidance.pdf""}, {""chunk_id"": 637, ""page"": 18, ""source"": ""./uploads/D4_ICO_AI_Data_Protection_Guidance.pdf""}, {""chunk_id"": 638, ""page"": 18, ""source"": ""./uploads/D4_ICO_AI_Data_Protection_Guidance.pdf""}], ""files"": [""./uploads/D4_ICO_AI_Data_Protection_Guidance.pdf""]}"
C1,R6,Q019,2,"[{""chunk_id"": 205, ""page"": 13, ""source"": ""./uploads/D2_llama_cpp_README.pdf""}, {""chunk_id"": 73, ""page"": 8, ""source"": ""./uploads/D1_RAG_Lewis_2020.pdf""}, {""chunk_id"": 456, ""page"": 43, ""source"": ""./uploads/D3_NIST_AI_RMF_1_0.pdf""}]","{""detailed_sources"": [{""chunk_id"": 205, ""page"": 13, ""source"": ""./uploads/D2_llama_cpp_README.pdf""}, {""chunk_id"": 73, ""page"": 8, ""source"": ""./uploads/D1_RAG_Lewis_2020.pdf""}, {""chunk_id"": 456, ""page"": 43, ""source"": ""./uploads/D3_NIST_AI_RMF_1_0.pdf""}], ""files"": [""./uploads/D3_NIST_AI_RMF_1_0.pdf"", ""./uploads/D2_llama_cpp_README.pdf"", ""./uploads/D1_RAG_Lewis_2020.pdf""]}"
C1,R6,Q020,2,"[{""chunk_id"": 175, ""page"": 2, ""source"": ""./uploads/D2_llama_cpp_README.pdf""}, {""chunk_id"": 709, ""page"": 25, ""source"": ""./uploads/D4_ICO_AI_Data_Protection_Guidance.pdf""}, {""chunk_id"": 690, ""page"": 23, ""source"": ""./uploads/D4_ICO_AI_Data_Protection_Guidance.pdf""}]","{""detailed_sources"": [{""chunk_id"": 175, ""page"": 2, ""source"": ""./uploads/D2_llama_cpp_README.pdf""}, {""chunk_id"": 709, ""page"": 25, ""source"": ""./uploads/D4_ICO_AI_Data_Protection_Guidance.pdf""}, {""chunk_id"": 690, ""page"": 23, ""source"": ""./uploads/D4_ICO_AI_Data_Protection_Guidance.pdf""}], ""files"": [""./uploads/D2_llama_cpp_README.pdf"", ""./uploads/D4_ICO_AI_Data_Protection_Guidance.pdf""]}"
C1,R6,Q021,2,"[{""chunk_id"": 248, ""page"": 9, ""source"": ""./uploads/D3_NIST_AI_RMF_1_0.pdf""}, {""chunk_id"": 344, ""page"": 24, ""source"": ""./uploads/D3_NIST_AI_RMF_1_0.pdf""}, {""chunk_id"": 243, ""page"": 8, ""source"": ""./uploads/D3_NIST_AI_RMF_1_0.pdf""}]","{""detailed_sources"": [{""chunk_id"": 248, ""page"": 9, ""source"": ""./uploads/D3_NIST_AI_RMF_1_0.pdf""}, {""chunk_id"": 344, ""page"": 24, ""source"": ""./uploads/D3_NIST_AI_RMF_1_0.pdf""}, {""chunk_id"": 243, ""page"": 8, ""source"": ""./uploads/D3_NIST_AI_RMF_1_0.pdf""}], ""files"": [""./uploads/D3_NIST_AI_RMF_1_0.pdf""]}"
C1,R6,Q022,2,"[{""chunk_id"": 416, ""page"": 36, ""source"": ""./uploads/D3_NIST_AI_RMF_1_0.pdf""}, {""chunk_id"": 258, ""page"": 10, ""source"": ""./uploads/D3_NIST_AI_RMF_1_0.pdf""}, {""chunk_id"": 275, ""page"": 13, ""source"": ""./uploads/D3_NIST_AI_RMF_1_0.pdf""}]","{""detailed_sources"": [{""chunk_id"": 416, ""page"": 36, ""source"": ""./uploads/D3_NIST_AI_RMF_1_0.pdf""}, {""chunk_id"": 258, ""page"": 10, ""source"": ""./uploads/D3_NIST_AI_RMF_1_0.pdf""}, {""chunk_id"": 275, ""page"": 13, ""source"": ""./uploads/D3_NIST_AI_RMF_1_0.pdf""}], ""files"": [""./uploads/D3_NIST_AI_RMF_1_0.pdf""]}"
C1,R6,Q023,2,"[{""chunk_id"": 298, ""page"": 17, ""source"": ""./uploads/D3_NIST_AI_RMF_1_0.pdf""}, {""chunk_id"": 304, ""page"": 18, ""source"": ""./uploads/D3_NIST_AI_RMF_1_0.pdf""}, {""chunk_id"": 299, ""page"": 17, ""source"": ""./uploads/D3_NIST_AI_RMF_1_0.pdf""}]","{""detailed_sources"": [{""chunk_id"": 298, ""page"": 17, ""source"": ""./uploads/D3_NIST_AI_RMF_1_0.pdf""}, {""chunk_id"": 304, ""page"": 18, ""source"": ""./uploads/D3_NIST_AI_RMF_1_0.pdf""}, {""chunk_id"": 299, ""page"": 17, ""source"": ""./uploads/D3_NIST_AI_RMF_1_0.pdf""}], ""files"": [""./uploads/D3_NIST_AI_RMF_1_0.pdf""]}"
C1,R6,Q024,2,"[{""chunk_id"": 482, ""page"": 47, ""source"": ""./uploads/D3_NIST_AI_RMF_1_0.pdf""}, {""chunk_id"": 415, ""page"": 36, ""source"": ""./uploads/D3_NIST_AI_RMF_1_0.pdf""}, {""chunk_id"": 410, ""page"": 35, ""source"": ""./uploads/D3_NIST_AI_RMF_1_0.pdf""}]","{""detailed_sources"": [{""chunk_id"": 482, ""page"": 47, ""source"": ""./uploads/D3_NIST_AI_RMF_1_0.pdf""}, {""chunk_id"": 415, ""page"": 36, ""source"": ""./uploads/D3_NIST_AI_RMF_1_0.pdf""}, {""chunk_id"": 410, ""page"": 35, ""source"": ""./uploads/D3_NIST_AI_RMF_1_0.pdf""}], ""files"": [""./uploads/D3_NIST_AI_RMF_1_0.pdf""]}"
C1,R6,Q025,2,"[{""chunk_id"": 250, ""page"": 9, ""source"": ""./uploads/D3_NIST_AI_RMF_1_0.pdf""}, {""chunk_id"": 268, ""page"": 12, ""source"": ""./uploads/D3_NIST_AI_RMF_1_0.pdf""}, {""chunk_id"": 270, ""page"": 12, ""source"": ""./uploads/D3_NIST_AI_RMF_1_0.pdf""}]","{""detailed_sources"": [{""chunk_id"": 250, ""page"": 9, ""source"": ""./uploads/D3_NIST_AI_RMF_1_0.pdf""}, {""chunk_id"": 268, ""page"": 12, ""source"": ""./uploads/D3_NIST_AI_RMF_1_0.pdf""}, {""chunk_id"": 270, ""page"": 12, ""source"": ""./uploads/D3_NIST_AI_RMF_1_0.pdf""}], ""files"": [""./uploads/D3_NIST_AI_RMF_1_0.pdf""]}"
C1,R6,Q026,2,"[{""chunk_id"": 462, ""page"": 44, ""source"": ""./uploads/D3_NIST_AI_RMF_1_0.pdf""}, {""chunk_id"": 240, ""page"": 7, ""source"": ""./uploads/D3_NIST_AI_RMF_1_0.pdf""}, {""chunk_id"": 481, ""page"": 47, ""source"": ""./uploads/D3_NIST_AI_RMF_1_0.pdf""}]","{""detailed_sources"": [{""chunk_id"": 462, ""page"": 44, ""source"": ""./uploads/D3_NIST_AI_RMF_1_0.pdf""}, {""chunk_id"": 240, ""page"": 7, ""source"": ""./uploads/D3_NIST_AI_RMF_1_0.pdf""}, {""chunk_id"": 481, ""page"": 47, ""source"": ""./uploads/D3_NIST_AI_RMF_1_0.pdf""}], ""files"": [""./uploads/D3_NIST_AI_RMF_1_0.pdf""]}"
C1,R6,Q027,2,"[{""chunk_id"": 380, ""page"": 30, ""source"": ""./uploads/D3_NIST_AI_RMF_1_0.pdf""}, {""chunk_id"": 254, ""page"": 9, ""source"": ""./uploads/D3_NIST_AI_RMF_1_0.pdf""}, {""chunk_id"": 384, ""page"": 31, ""source"": ""./uploads/D3_NIST_AI_RMF_1_0.pdf""}]","{""detailed_sources"": [{""chunk_id"": 380, ""page"": 30, ""source"": ""./uploads/D3_NIST_AI_RMF_1_0.pdf""}, {""chunk_id"": 254, ""page"": 9, ""source"": ""./uploads/D3_NIST_AI_RMF_1_0.pdf""}, {""chunk_id"": 384, ""page"": 31, ""source"": ""./uploads/D3_NIST_AI_RMF_1_0.pdf""}], ""files"": [""./uploads/D3_NIST_AI_RMF_1_0.pdf""]}"
C1,R6,Q028,2,"[{""chunk_id"": 273, ""page"": 12, ""source"": ""./uploads/D3_NIST_AI_RMF_1_0.pdf""}, {""chunk_id"": 259, ""page"": 10, ""source"": ""./uploads/D3_NIST_AI_RMF_1_0.pdf""}, {""chunk_id"": 264, ""page"": 11, ""source"": ""./uploads/D3_NIST_AI_RMF_1_0.pdf""}]","{""detailed_sources"": [{""chunk_id"": 273, ""page"": 12, ""source"": ""./uploads/D3_NIST_AI_RMF_1_0.pdf""}, {""chunk_id"": 259, ""page"": 10, ""source"": ""./uploads/D3_NIST_AI_RMF_1_0.pdf""}, {""chunk_id"": 264, ""page"": 11, ""source"": ""./uploads/D3_NIST_AI_RMF_1_0.pdf""}], ""files"": [""./uploads/D3_NIST_AI_RMF_1_0.pdf""]}"
C1,R6,Q029,2,"[{""chunk_id"": 226, ""page"": 5, ""source"": ""./uploads/D3_NIST_AI_RMF_1_0.pdf""}, {""chunk_id"": 379, ""page"": 30, ""source"": ""./uploads/D3_NIST_AI_RMF_1_0.pdf""}, {""chunk_id"": 359, ""page"": 27, ""source"": ""./uploads/D3_NIST_AI_RMF_1_0.pdf""}]","{""detailed_sources"": [{""chunk_id"": 226, ""page"": 5, ""source"": ""./uploads/D3_NIST_AI_RMF_1_0.pdf""}, {""chunk_id"": 379, ""page"": 30, ""source"": ""./uploads/D3_NIST_AI_RMF_1_0.pdf""}, {""chunk_id"": 359, ""page"": 27, ""source"": ""./uploads/D3_NIST_AI_RMF_1_0.pdf""}], ""files"": [""./uploads/D3_NIST_AI_RMF_1_0.pdf""]}"
C1,R6,Q030,2,"[{""chunk_id"": 593, ""page"": 14, ""source"": ""./uploads/D4_ICO_AI_Data_Protection_Guidance.pdf""}, {""chunk_id"": 491, ""page"": 1, ""source"": ""./uploads/D4_ICO_AI_Data_Protection_Guidance.pdf""}, {""chunk_id"": 600, ""page"": 14, ""source"": ""./uploads/D4_ICO_AI_Data_Protection_Guidance.pdf""}]","{""detailed_sources"": [{""chunk_id"": 593, ""page"": 14, ""source"": ""./uploads/D4_ICO_AI_Data_Protection_Guidance.pdf""}, {""chunk_id"": 491, ""page"": 1, ""source"": ""./uploads/D4_ICO_AI_Data_Protection_Guidance.pdf""}, {""chunk_id"": 600, ""page"": 14, ""source"": ""./uploads/D4_ICO_AI_Data_Protection_Guidance.pdf""}], ""files"": [""./uploads/D4_ICO_AI_Data_Protection_Guidance.pdf""]}"
C1,R6,Q031,2,"[{""chunk_id"": 504, ""page"": 3, ""source"": ""./uploads/D4_ICO_AI_Data_Protection_Guidance.pdf""}, {""chunk_id"": 505, ""page"": 3, ""source"": ""./uploads/D4_ICO_AI_Data_Protection_Guidance.pdf""}, {""chunk_id"": 323, ""page"": 20, ""source"": ""./uploads/D3_NIST_AI_RMF_1_0.pdf""}]","{""detailed_sources"": [{""chunk_id"": 504, ""page"": 3, ""source"": ""./uploads/D4_ICO_AI_Data_Protection_Guidance.pdf""}, {""chunk_id"": 505, ""page"": 3, ""source"": ""./uploads/D4_ICO_AI_Data_Protection_Guidance.pdf""}, {""chunk_id"": 323, ""page"": 20, ""source"": ""./uploads/D3_NIST_AI_RMF_1_0.pdf""}], ""files"": [""./uploads/D3_NIST_AI_RMF_1_0.pdf"", ""./uploads/D4_ICO_AI_Data_Protection_Guidance.pdf""]}"
C1,R6,Q032,2,"[{""chunk_id"": 508, ""page"": 4, ""source"": ""./uploads/D4_ICO_AI_Data_Protection_Guidance.pdf""}, {""chunk_id"": 534, ""page"": 7, ""source"": ""./uploads/D4_ICO_AI_Data_Protection_Guidance.pdf""}, {""chunk_id"": 509, ""page"": 4, ""source"": ""./uploads/D4_ICO_AI_Data_Protection_Guidance.pdf""}]","{""detailed_sources"": [{""chunk_id"": 508, ""page"": 4, ""source"": ""./uploads/D4_ICO_AI_Data_Protection_Guidance.pdf""}, {""chunk_id"": 534, ""page"": 7, ""source"": ""./uploads/D4_ICO_AI_Data_Protection_Guidance.pdf""}, {""chunk_id"": 509, ""page"": 4, ""source"": ""./uploads/D4_ICO_AI_Data_Protection_Guidance.pdf""}], ""files"": [""./uploads/D4_ICO_AI_Data_Protection_Guidance.pdf""]}"
C1,R6,Q033,2,"[{""chunk_id"": 567, ""page"": 11, ""source"": ""./uploads/D4_ICO_AI_Data_Protection_Guidance.pdf""}, {""chunk_id"": 568, ""page"": 11, ""source"": ""./uploads/D4_ICO_AI_Data_Protection_Guidance.pdf""}, {""chunk_id"": 574, ""page"": 12, ""source"": ""./uploads/D4_ICO_AI_Data_Protection_Guidance.pdf""}]","{""detailed_sources"": [{""chunk_id"": 567, ""page"": 11, ""source"": ""./uploads/D4_ICO_AI_Data_Protection_Guidance.pdf""}, {""chunk_id"": 568, ""page"": 11, ""source"": ""./uploads/D4_ICO_AI_Data_Protection_Guidance.pdf""}, {""chunk_id"": 574, ""page"": 12, ""source"": ""./uploads/D4_ICO_AI_Data_Protection_Guidance.pdf""}], ""files"": [""./uploads/D4_ICO_AI_Data_Protection_Guidance.pdf""]}"
C1,R6,Q034,2,"[{""chunk_id"": 600, ""page"": 14, ""source"": ""./uploads/D4_ICO_AI_Data_Protection_Guidance.pdf""}, {""chunk_id"": 602, ""page"": 15, ""source"": ""./uploads/D4_ICO_AI_Data_Protection_Guidance.pdf""}, {""chunk_id"": 599, ""page"": 14, ""source"": ""./uploads/D4_ICO_AI_Data_Protection_Guidance.pdf""}]","{""detailed_sources"": [{""chunk_id"": 600, ""page"": 14, ""source"": ""./uploads/D4_ICO_AI_Data_Protection_Guidance.pdf""}, {""chunk_id"": 602, ""page"": 15, ""source"": ""./uploads/D4_ICO_AI_Data_Protection_Guidance.pdf""}, {""chunk_id"": 599, ""page"": 14, ""source"": ""./uploads/D4_ICO_AI_Data_Protection_Guidance.pdf""}], ""files"": [""./uploads/D4_ICO_AI_Data_Protection_Guidance.pdf""]}"
C1,R6,Q035,2,"[{""chunk_id"": 653, ""page"": 20, ""source"": ""./uploads/D4_ICO_AI_Data_Protection_Guidance.pdf""}, {""chunk_id"": 651, ""page"": 20, ""source"": ""./uploads/D4_ICO_AI_Data_Protection_Guidance.pdf""}, {""chunk_id"": 654, ""page"": 20, ""source"": ""./uploads/D4_ICO_AI_Data_Protection_Guidance.pdf""}]","{""detailed_sources"": [{""chunk_id"": 653, ""page"": 20, ""source"": ""./uploads/D4_ICO_AI_Data_Protection_Guidance.pdf""}, {""chunk_id"": 651, ""page"": 20, ""source"": ""./uploads/D4_ICO_AI_Data_Protection_Guidance.pdf""}, {""chunk_id"": 654, ""page"": 20, ""source"": ""./uploads/D4_ICO_AI_Data_Protection_Guidance.pdf""}], ""files"": [""./uploads/D4_ICO_AI_Data_Protection_Guidance.pdf""]}"
C1,R6,Q036,2,"[{""chunk_id"": 654, ""page"": 20, ""source"": ""./uploads/D4_ICO_AI_Data_Protection_Guidance.pdf""}, {""chunk_id"": 711, ""page"": 26, ""source"": ""./uploads/D4_ICO_AI_Data_Protection_Guidance.pdf""}, {""chunk_id"": 554, ""page"": 9, ""source"": ""./uploads/D4_ICO_AI_Data_Protection_Guidance.pdf""}]","{""detailed_sources"": [{""chunk_id"": 654, ""page"": 20, ""source"": ""./uploads/D4_ICO_AI_Data_Protection_Guidance.pdf""}, {""chunk_id"": 711, ""page"": 26, ""source"": ""./uploads/D4_ICO_AI_Data_Protection_Guidance.pdf""}, {""chunk_id"": 554, ""page"": 9, ""source"": ""./uploads/D4_ICO_AI_Data_Protection_Guidance.pdf""}], ""files"": [""./uploads/D4_ICO_AI_Data_Protection_Guidance.pdf""]}"
C1,R6,Q037,2,"[{""chunk_id"": 709, ""page"": 25, ""source"": ""./uploads/D4_ICO_AI_Data_Protection_Guidance.pdf""}, {""chunk_id"": 543, ""page"": 8, ""source"": ""./uploads/D4_ICO_AI_Data_Protection_Guidance.pdf""}, {""chunk_id"": 541, ""page"": 8, ""source"": ""./uploads/D4_ICO_AI_Data_Protection_Guidance.pdf""}]","{""detailed_sources"": [{""chunk_id"": 709, ""page"": 25, ""source"": ""./uploads/D4_ICO_AI_Data_Protection_Guidance.pdf""}, {""chunk_id"": 543, ""page"": 8, ""source"": ""./uploads/D4_ICO_AI_Data_Protection_Guidance.pdf""}, {""chunk_id"": 541, ""page"": 8, ""source"": ""./uploads/D4_ICO_AI_Data_Protection_Guidance.pdf""}], ""files"": [""./uploads/D4_ICO_AI_Data_Protection_Guidance.pdf""]}"
C1,R6,Q038,2,"[{""chunk_id"": 50, ""page"": 6, ""source"": ""./uploads/D1_RAG_Lewis_2020.pdf""}, {""chunk_id"": 33, ""page"": 4, ""source"": ""./uploads/D1_RAG_Lewis_2020.pdf""}, {""chunk_id"": 35, ""page"": 4, ""source"": ""./uploads/D1_RAG_Lewis_2020.pdf""}]","{""detailed_sources"": [{""chunk_id"": 50, ""page"": 6, ""source"": ""./uploads/D1_RAG_Lewis_2020.pdf""}, {""chunk_id"": 33, ""page"": 4, ""source"": ""./uploads/D1_RAG_Lewis_2020.pdf""}, {""chunk_id"": 35, ""page"": 4, ""source"": ""./uploads/D1_RAG_Lewis_2020.pdf""}], ""files"": [""./uploads/D1_RAG_Lewis_2020.pdf""]}"
C1,R6,Q039,2,"[{""chunk_id"": 335, ""page"": 22, ""source"": ""./uploads/D3_NIST_AI_RMF_1_0.pdf""}, {""chunk_id"": 334, ""page"": 22, ""source"": ""./uploads/D3_NIST_AI_RMF_1_0.pdf""}, {""chunk_id"": 654, ""page"": 20, ""source"": ""./uploads/D4_ICO_AI_Data_Protection_Guidance.pdf""}]","{""detailed_sources"": [{""chunk_id"": 335, ""page"": 22, ""source"": ""./uploads/D3_NIST_AI_RMF_1_0.pdf""}, {""chunk_id"": 334, ""page"": 22, ""source"": ""./uploads/D3_NIST_AI_RMF_1_0.pdf""}, {""chunk_id"": 654, ""page"": 20, ""source"": ""./uploads/D4_ICO_AI_Data_Protection_Guidance.pdf""}], ""files"": [""./uploads/D3_NIST_AI_RMF_1_0.pdf"", ""./uploads/D4_ICO_AI_Data_Protection_Guidance.pdf""]}"
C1,R6,Q040,2,"[{""chunk_id"": 41, ""page"": 5, ""source"": ""./uploads/D1_RAG_Lewis_2020.pdf""}, {""chunk_id"": 75, ""page"": 8, ""source"": ""./uploads/D1_RAG_Lewis_2020.pdf""}, {""chunk_id"": 160, ""page"": 18, ""source"": ""./uploads/D1_RAG_Lewis_2020.pdf""}]","{""detailed_sources"": [{""chunk_id"": 41, ""page"": 5, ""source"": ""./uploads/D1_RAG_Lewis_2020.pdf""}, {""chunk_id"": 75, ""page"": 8, ""source"": ""./uploads/D1_RAG_Lewis_2020.pdf""}, {""chunk_id"": 160, ""page"": 18, ""source"": ""./uploads/D1_RAG_Lewis_2020.pdf""}], ""files"": [""./uploads/D1_RAG_Lewis_2020.pdf""]}"
C1,R6,Q001,3,"[{""chunk_id"": 0, ""page"": 1, ""source"": ""./uploads/D1_RAG_Lewis_2020.pdf""}, {""chunk_id"": 148, ""page"": 17, ""source"": ""./uploads/D1_RAG_Lewis_2020.pdf""}, {""chunk_id"": 75, ""page"": 8, ""source"": ""./uploads/D1_RAG_Lewis_2020.pdf""}]","{""detailed_sources"": [{""chunk_id"": 0, ""page"": 1, ""source"": ""./uploads/D1_RAG_Lewis_2020.pdf""}, {""chunk_id"": 148, ""page"": 17, ""source"": ""./uploads/D1_RAG_Lewis_2020.pdf""}, {""chunk_id"": 75, ""page"": 8, ""source"": ""./uploads/D1_RAG_Lewis_2020.pdf""}], ""files"": [""./uploads/D1_RAG_Lewis_2020.pdf""]}"
C1,R6,Q002,3,"[{""chunk_id"": 12, ""page"": 2, ""source"": ""./uploads/D1_RAG_Lewis_2020.pdf""}, {""chunk_id"": 84, ""page"": 9, ""source"": ""./uploads/D1_RAG_Lewis_2020.pdf""}, {""chunk_id"": 16, ""page"": 2, ""source"": ""./uploads/D1_RAG_Lewis_2020.pdf""}]","{""detailed_sources"": [{""chunk_id"": 12, ""page"": 2, ""source"": ""./uploads/D1_RAG_Lewis_2020.pdf""}, {""chunk_id"": 84, ""page"": 9, ""source"": ""./uploads/D1_RAG_Lewis_2020.pdf""}, {""chunk_id"": 16, ""page"": 2, ""source"": ""./uploads/D1_RAG_Lewis_2020.pdf""}], ""files"": [""./uploads/D1_RAG_Lewis_2020.pdf""]}"
C1,R6,Q003,3,"[{""chunk_id"": 92, ""page"": 10, ""source"": ""./uploads/D1_RAG_Lewis_2020.pdf""}, {""chunk_id"": 75, ""page"": 8, ""source"": ""./uploads/D1_RAG_Lewis_2020.pdf""}, {""chunk_id"": 41, ""page"": 5, ""source"": ""./uploads/D1_RAG_Lewis_2020.pdf""}]","{""detailed_sources"": [{""chunk_id"": 92, ""page"": 10, ""source"": ""./uploads/D1_RAG_Lewis_2020.pdf""}, {""chunk_id"": 75, ""page"": 8, ""source"": ""./uploads/D1_RAG_Lewis_2020.pdf""}, {""chunk_id"": 41, ""page"": 5, ""source"": ""./uploads/D1_RAG_Lewis_2020.pdf""}], ""files"": [""./uploads/D1_RAG_Lewis_2020.pdf""]}"
C1,R6,Q004,3,"[{""chunk_id"": 46, ""page"": 5, ""source"": ""./uploads/D1_RAG_Lewis_2020.pdf""}, {""chunk_id"": 65, ""page"": 7, ""source"": ""./uploads/D1_RAG_Lewis_2020.pdf""}, {""chunk_id"": 21, ""page"": 3, ""source"": ""./uploads/D1_RAG_Lewis_2020.pdf""}]","{""detailed_sources"": [{""chunk_id"": 46, ""page"": 5, ""source"": ""./uploads/D1_RAG_Lewis_2020.pdf""}, {""chunk_id"": 65, ""page"": 7, ""source"": ""./uploads/D1_RAG_Lewis_2020.pdf""}, {""chunk_id"": 21, ""page"": 3, ""source"": ""./uploads/D1_RAG_Lewis_2020.pdf""}], ""files"": [""./uploads/D1_RAG_Lewis_2020.pdf""]}"
C1,R6,Q005,3,"[{""chunk_id"": 16, ""page"": 2, ""source"": ""./uploads/D1_RAG_Lewis_2020.pdf""}, {""chunk_id"": 5, ""page"": 1, ""source"": ""./uploads/D1_RAG_Lewis_2020.pdf""}, {""chunk_id"": 163, ""page"": 18, ""source"": ""./uploads/D1_RAG_Lewis_2020.pdf""}]","{""detailed_sources"": [{""chunk_id"": 16, ""page"": 2, ""source"": ""./uploads/D1_RAG_Lewis_2020.pdf""}, {""chunk_id"": 5, ""page"": 1, ""source"": ""./uploads/D1_RAG_Lewis_2020.pdf""}, {""chunk_id"": 163, ""page"": 18, ""source"": ""./uploads/D1_RAG_Lewis_2020.pdf""}], ""files"": [""./uploads/D1_RAG_Lewis_2020.pdf""]}"
C1,R6,Q006,3,"[{""chunk_id"": 18, ""page"": 3, ""source"": ""./uploads/D1_RAG_Lewis_2020.pdf""}, {""chunk_id"": 16, ""page"": 2, ""source"": ""./uploads/D1_RAG_Lewis_2020.pdf""}, {""chunk_id"": 10, ""page"": 2, ""source"": ""./uploads/D1_RAG_Lewis_2020.pdf""}]","{""detailed_sources"": [{""chunk_id"": 18, ""page"": 3, ""source"": ""./uploads/D1_RAG_Lewis_2020.pdf""}, {""chunk_id"": 16, ""page"": 2, ""source"": ""./uploads/D1_RAG_Lewis_2020.pdf""}, {""chunk_id"": 10, ""page"": 2, ""source"": ""./uploads/D1_RAG_Lewis_2020.pdf""}], ""files"": [""./uploads/D1_RAG_Lewis_2020.pdf""]}"
C1,R6,Q007,3,"[{""chunk_id"": 387, ""page"": 31, ""source"": ""./uploads/D3_NIST_AI_RMF_1_0.pdf""}, {""chunk_id"": 432, ""page"": 40, ""source"": ""./uploads/D3_NIST_AI_RMF_1_0.pdf""}, {""chunk_id"": 102, ""page"": 11, ""source"": ""./uploads/D1_RAG_Lewis_2020.pdf""}]","{""detailed_sources"": [{""chunk_id"": 387, ""page"": 31, ""source"": ""./uploads/D3_NIST_AI_RMF_1_0.pdf""}, {""chunk_id"": 432, ""page"": 40, ""source"": ""./uploads/D3_NIST_AI_RMF_1_0.pdf""}, {""chunk_id"": 102, ""page"": 11, ""source"": ""./uploads/D1_RAG_Lewis_2020.pdf""}], ""files"": [""./uploads/D1_RAG_Lewis_2020.pdf"", ""./uploads/D3_NIST_AI_RMF_1_0.pdf""]}"
C1,R6,Q008,3,"[{""chunk_id"": 0, ""page"": 1, ""source"": ""./uploads/D1_RAG_Lewis_2020.pdf""}, {""chunk_id"": 79, ""page"": 9, ""source"": ""./uploads/D1_RAG_Lewis_2020.pdf""}, {""chunk_id"": 456, ""page"": 43, ""source"": ""./uploads/D3_NIST_AI_RMF_1_0.pdf""}]","{""detailed_sources"": [{""chunk_id"": 0, ""page"": 1, ""source"": ""./uploads/D1_RAG_Lewis_2020.pdf""}, {""chunk_id"": 79, ""page"": 9, ""source"": ""./uploads/D1_RAG_Lewis_2020.pdf""}, {""chunk_id"": 456, ""page"": 43, ""source"": ""./uploads/D3_NIST_AI_RMF_1_0.pdf""}], ""files"": [""./uploads/D3_NIST_AI_RMF_1_0.pdf"", ""./uploads/D1_RAG_Lewis_2020.pdf""]}"
C1,R6,Q009,3,"[{""chunk_id"": 63, ""page"": 7, ""source"": ""./uploads/D1_RAG_Lewis_2020.pdf""}, {""chunk_id"": 44, ""page"": 5, ""source"": ""./uploads/D1_RAG_Lewis_2020.pdf""}, {""chunk_id"": 570, ""page"": 11, ""source"": ""./uploads/D4_ICO_AI_Data_Protection_Guidance.pdf""}]","{""detailed_sources"": [{""chunk_id"": 63, ""page"": 7, ""source"": ""./uploads/D1_RAG_Lewis_2020.pdf""}, {""chunk_id"": 44, ""page"": 5, ""source"": ""./uploads/D1_RAG_Lewis_2020.pdf""}, {""chunk_id"": 570, ""page"": 11, ""source"": ""./uploads/D4_ICO_AI_Data_Protection_Guidance.pdf""}], ""files"": [""./uploads/D1_RAG_Lewis_2020.pdf"", ""./uploads/D4_ICO_AI_Data_Protection_Guidance.pdf""]}"
C1,R6,Q010,3,"[{""chunk_id"": 65, ""page"": 7, ""source"": ""./uploads/D1_RAG_Lewis_2020.pdf""}, {""chunk_id"": 53, ""page"": 6, ""source"": ""./uploads/D1_RAG_Lewis_2020.pdf""}, {""chunk_id"": 59, ""page"": 7, ""source"": ""./uploads/D1_RAG_Lewis_2020.pdf""}]","{""detailed_sources"": [{""chunk_id"": 65, ""page"": 7, ""source"": ""./uploads/D1_RAG_Lewis_2020.pdf""}, {""chunk_id"": 53, ""page"": 6, ""source"": ""./uploads/D1_RAG_Lewis_2020.pdf""}, {""chunk_id"": 59, ""page"": 7, ""source"": ""./uploads/D1_RAG_Lewis_2020.pdf""}], ""files"": [""./uploads/D1_RAG_Lewis_2020.pdf""]}"
C1,R6,Q011,3,"[{""chunk_id"": 174, ""page"": 2, ""source"": ""./uploads/D2_llama_cpp_README.pdf""}, {""chunk_id"": 171, ""page"": 1, ""source"": ""./uploads/D2_llama_cpp_README.pdf""}, {""chunk_id"": 196, ""page"": 9, ""source"": ""./uploads/D2_llama_cpp_README.pdf""}]","{""detailed_sources"": [{""chunk_id"": 174, ""page"": 2, ""source"": ""./uploads/D2_llama_cpp_README.pdf""}, {""chunk_id"": 171, ""page"": 1, ""source"": ""./uploads/D2_llama_cpp_README.pdf""}, {""chunk_id"": 196, ""page"": 9, ""source"": ""./uploads/D2_llama_cpp_README.pdf""}], ""files"": [""./uploads/D2_llama_cpp_README.pdf""]}"
C1,R6,Q012,3,"[{""chunk_id"": 174, ""page"": 2, ""source"": ""./uploads/D2_llama_cpp_README.pdf""}, {""chunk_id"": 171, ""page"": 1, ""source"": ""./uploads/D2_llama_cpp_README.pdf""}, {""chunk_id"": 196, ""page"": 9, ""source"": ""./uploads/D2_llama_cpp_README.pdf""}]","{""detailed_sources"": [{""chunk_id"": 174, ""page"": 2, ""source"": ""./uploads/D2_llama_cpp_README.pdf""}, {""chunk_id"": 171, ""page"": 1, ""source"": ""./uploads/D2_llama_cpp_README.pdf""}, {""chunk_id"": 196, ""page"": 9, ""source"": ""./uploads/D2_llama_cpp_README.pdf""}], ""files"": [""./uploads/D2_llama_cpp_README.pdf""]}"
C1,R6,Q013,3,"[{""chunk_id"": 202, ""page"": 11, ""source"": ""./uploads/D2_llama_cpp_README.pdf""}, {""chunk_id"": 174, ""page"": 2, ""source"": ""./uploads/D2_llama_cpp_README.pdf""}, {""chunk_id"": 193, ""page"": 9, ""source"": ""./uploads/D2_llama_cpp_README.pdf""}]","{""detailed_sources"": [{""chunk_id"": 202, ""page"": 11, ""source"": ""./uploads/D2_llama_cpp_README.pdf""}, {""chunk_id"": 174, ""page"": 2, ""source"": ""./uploads/D2_llama_cpp_README.pdf""}, {""chunk_id"": 193, ""page"": 9, ""source"": ""./uploads/D2_llama_cpp_README.pdf""}], ""files"": [""./uploads/D2_llama_cpp_README.pdf""]}"
C1,R6,Q014,3,"[{""chunk_id"": 176, ""page"": 2, ""source"": ""./uploads/D2_llama_cpp_README.pdf""}, {""chunk_id"": 175, ""page"": 2, ""source"": ""./uploads/D2_llama_cpp_README.pdf""}, {""chunk_id"": 5, ""page"": 1, ""source"": ""./uploads/D1_RAG_Lewis_2020.pdf""}]","{""detailed_sources"": [{""chunk_id"": 176, ""page"": 2, ""source"": ""./uploads/D2_llama_cpp_README.pdf""}, {""chunk_id"": 175, ""page"": 2, ""source"": ""./uploads/D2_llama_cpp_README.pdf""}, {""chunk_id"": 5, ""page"": 1, ""source"": ""./uploads/D1_RAG_Lewis_2020.pdf""}], ""files"": [""./uploads/D2_llama_cpp_README.pdf"", ""./uploads/D1_RAG_Lewis_2020.pdf""]}"
C1,R6,Q015,3,"[{""chunk_id"": 174, ""page"": 2, ""source"": ""./uploads/D2_llama_cpp_README.pdf""}, {""chunk_id"": 201, ""page"": 11, ""source"": ""./uploads/D2_llama_cpp_README.pdf""}, {""chunk_id"": 194, ""page"": 9, ""source"": ""./uploads/D2_llama_cpp_README.pdf""}]","{""detailed_sources"": [{""chunk_id"": 174, ""page"": 2, ""source"": ""./uploads/D2_llama_cpp_README.pdf""}, {""chunk_id"": 201, ""page"": 11, ""source"": ""./uploads/D2_llama_cpp_README.pdf""}, {""chunk_id"": 194, ""page"": 9, ""source"": ""./uploads/D2_llama_cpp_README.pdf""}], ""files"": [""./uploads/D2_llama_cpp_README.pdf""]}"
C1,R6,Q016,3,"[{""chunk_id"": 201, ""page"": 11, ""source"": ""./uploads/D2_llama_cpp_README.pdf""}, {""chunk_id"": 174, ""page"": 2, ""source"": ""./uploads/D2_llama_cpp_README.pdf""}, {""chunk_id"": 618, ""page"": 16, ""source"": ""./uploads/D4_ICO_AI_Data_Protection_Guidance.pdf""}]","{""detailed_sources"": [{""chunk_id"": 201, ""page"": 11, ""source"": ""./uploads/D2_llama_cpp_README.pdf""}, {""chunk_id"": 174, ""page"": 2, ""source"": ""./uploads/D2_llama_cpp_README.pdf""}, {""chunk_id"": 618, ""page"": 16, ""source"": ""./uploads/D4_ICO_AI_Data_Protection_Guidance.pdf""}], ""files"": [""./uploads/D2_llama_cpp_README.pdf"", ""./uploads/D4_ICO_AI_Data_Protection_Guidance.pdf""]}"
C1,R6,Q017,3,"[{""chunk_id"": 192, ""page"": 9, ""source"": ""./uploads/D2_llama_cpp_README.pdf""}, {""chunk_id"": 174, ""page"": 2, ""source"": ""./uploads/D2_llama_cpp_README.pdf""}, {""chunk_id"": 173, ""page"": 1, ""source"": ""./uploads/D2_llama_cpp_README.pdf""}]","{""detailed_sources"": [{""chunk_id"": 192, ""page"": 9, ""source"": ""./uploads/D2_llama_cpp_README.pdf""}, {""chunk_id"": 174, ""page"": 2, ""source"": ""./uploads/D2_llama_cpp_README.pdf""}, {""chunk_id"": 173, ""page"": 1, ""source"": ""./uploads/D2_llama_cpp_README.pdf""}], ""files"": [""./uploads/D2_llama_cpp_README.pdf""]}"
C1,R6,Q018,3,"[{""chunk_id"": 707, ""page"": 25, ""source"": ""./uploads/D4_ICO_AI_Data_Protection_Guidance.pdf""}, {""chunk_id"": 637, ""page"": 18, ""source"": ""./uploads/D4_ICO_AI_Data_Protection_Guidance.pdf""}, {""chunk_id"": 638, ""page"": 18, ""source"": ""./uploads/D4_ICO_AI_Data_Protection_Guidance.pdf""}]","{""detailed_sources"": [{""chunk_id"": 707, ""page"": 25, ""source"": ""./uploads/D4_ICO_AI_Data_Protection_Guidance.pdf""}, {""chunk_id"": 637, ""page"": 18, ""source"": ""./uploads/D4_ICO_AI_Data_Protection_Guidance.pdf""}, {""chunk_id"": 638, ""page"": 18, ""source"": ""./uploads/D4_ICO_AI_Data_Protection_Guidance.pdf""}], ""files"": [""./uploads/D4_ICO_AI_Data_Protection_Guidance.pdf""]}"
C1,R6,Q019,3,"[{""chunk_id"": 205, ""page"": 13, ""source"": ""./uploads/D2_llama_cpp_README.pdf""}, {""chunk_id"": 73, ""page"": 8, ""source"": ""./uploads/D1_RAG_Lewis_2020.pdf""}, {""chunk_id"": 456, ""page"": 43, ""source"": ""./uploads/D3_NIST_AI_RMF_1_0.pdf""}]","{""detailed_sources"": [{""chunk_id"": 205, ""page"": 13, ""source"": ""./uploads/D2_llama_cpp_README.pdf""}, {""chunk_id"": 73, ""page"": 8, ""source"": ""./uploads/D1_RAG_Lewis_2020.pdf""}, {""chunk_id"": 456, ""page"": 43, ""source"": ""./uploads/D3_NIST_AI_RMF_1_0.pdf""}], ""files"": [""./uploads/D3_NIST_AI_RMF_1_0.pdf"", ""./uploads/D2_llama_cpp_README.pdf"", ""./uploads/D1_RAG_Lewis_2020.pdf""]}"
C1,R6,Q020,3,"[{""chunk_id"": 175, ""page"": 2, ""source"": ""./uploads/D2_llama_cpp_README.pdf""}, {""chunk_id"": 709, ""page"": 25, ""source"": ""./uploads/D4_ICO_AI_Data_Protection_Guidance.pdf""}, {""chunk_id"": 690, ""page"": 23, ""source"": ""./uploads/D4_ICO_AI_Data_Protection_Guidance.pdf""}]","{""detailed_sources"": [{""chunk_id"": 175, ""page"": 2, ""source"": ""./uploads/D2_llama_cpp_README.pdf""}, {""chunk_id"": 709, ""page"": 25, ""source"": ""./uploads/D4_ICO_AI_Data_Protection_Guidance.pdf""}, {""chunk_id"": 690, ""page"": 23, ""source"": ""./uploads/D4_ICO_AI_Data_Protection_Guidance.pdf""}], ""files"": [""./uploads/D2_llama_cpp_README.pdf"", ""./uploads/D4_ICO_AI_Data_Protection_Guidance.pdf""]}"
C1,R6,Q021,3,"[{""chunk_id"": 248, ""page"": 9, ""source"": ""./uploads/D3_NIST_AI_RMF_1_0.pdf""}, {""chunk_id"": 344, ""page"": 24, ""source"": ""./uploads/D3_NIST_AI_RMF_1_0.pdf""}, {""chunk_id"": 243, ""page"": 8, ""source"": ""./uploads/D3_NIST_AI_RMF_1_0.pdf""}]","{""detailed_sources"": [{""chunk_id"": 248, ""page"": 9, ""source"": ""./uploads/D3_NIST_AI_RMF_1_0.pdf""}, {""chunk_id"": 344, ""page"": 24, ""source"": ""./uploads/D3_NIST_AI_RMF_1_0.pdf""}, {""chunk_id"": 243, ""page"": 8, ""source"": ""./uploads/D3_NIST_AI_RMF_1_0.pdf""}], ""files"": [""./uploads/D3_NIST_AI_RMF_1_0.pdf""]}"
C1,R6,Q022,3,"[{""chunk_id"": 416, ""page"": 36, ""source"": ""./uploads/D3_NIST_AI_RMF_1_0.pdf""}, {""chunk_id"": 258, ""page"": 10, ""source"": ""./uploads/D3_NIST_AI_RMF_1_0.pdf""}, {""chunk_id"": 275, ""page"": 13, ""source"": ""./uploads/D3_NIST_AI_RMF_1_0.pdf""}]","{""detailed_sources"": [{""chunk_id"": 416, ""page"": 36, ""source"": ""./uploads/D3_NIST_AI_RMF_1_0.pdf""}, {""chunk_id"": 258, ""page"": 10, ""source"": ""./uploads/D3_NIST_AI_RMF_1_0.pdf""}, {""chunk_id"": 275, ""page"": 13, ""source"": ""./uploads/D3_NIST_AI_RMF_1_0.pdf""}], ""files"": [""./uploads/D3_NIST_AI_RMF_1_0.pdf""]}"
C1,R6,Q023,3,"[{""chunk_id"": 298, ""page"": 17, ""source"": ""./uploads/D3_NIST_AI_RMF_1_0.pdf""}, {""chunk_id"": 304, ""page"": 18, ""source"": ""./uploads/D3_NIST_AI_RMF_1_0.pdf""}, {""chunk_id"": 299, ""page"": 17, ""source"": ""./uploads/D3_NIST_AI_RMF_1_0.pdf""}]","{""detailed_sources"": [{""chunk_id"": 298, ""page"": 17, ""source"": ""./uploads/D3_NIST_AI_RMF_1_0.pdf""}, {""chunk_id"": 304, ""page"": 18, ""source"": ""./uploads/D3_NIST_AI_RMF_1_0.pdf""}, {""chunk_id"": 299, ""page"": 17, ""source"": ""./uploads/D3_NIST_AI_RMF_1_0.pdf""}], ""files"": [""./uploads/D3_NIST_AI_RMF_1_0.pdf""]}"
C1,R6,Q024,3,"[{""chunk_id"": 482, ""page"": 47, ""source"": ""./uploads/D3_NIST_AI_RMF_1_0.pdf""}, {""chunk_id"": 415, ""page"": 36, ""source"": ""./uploads/D3_NIST_AI_RMF_1_0.pdf""}, {""chunk_id"": 410, ""page"": 35, ""source"": ""./uploads/D3_NIST_AI_RMF_1_0.pdf""}]","{""detailed_sources"": [{""chunk_id"": 482, ""page"": 47, ""source"": ""./uploads/D3_NIST_AI_RMF_1_0.pdf""}, {""chunk_id"": 415, ""page"": 36, ""source"": ""./uploads/D3_NIST_AI_RMF_1_0.pdf""}, {""chunk_id"": 410, ""page"": 35, ""source"": ""./uploads/D3_NIST_AI_RMF_1_0.pdf""}], ""files"": [""./uploads/D3_NIST_AI_RMF_1_0.pdf""]}"
C1,R6,Q025,3,"[{""chunk_id"": 250, ""page"": 9, ""source"": ""./uploads/D3_NIST_AI_RMF_1_0.pdf""}, {""chunk_id"": 268, ""page"": 12, ""source"": ""./uploads/D3_NIST_AI_RMF_1_0.pdf""}, {""chunk_id"": 270, ""page"": 12, ""source"": ""./uploads/D3_NIST_AI_RMF_1_0.pdf""}]","{""detailed_sources"": [{""chunk_id"": 250, ""page"": 9, ""source"": ""./uploads/D3_NIST_AI_RMF_1_0.pdf""}, {""chunk_id"": 268, ""page"": 12, ""source"": ""./uploads/D3_NIST_AI_RMF_1_0.pdf""}, {""chunk_id"": 270, ""page"": 12, ""source"": ""./uploads/D3_NIST_AI_RMF_1_0.pdf""}], ""files"": [""./uploads/D3_NIST_AI_RMF_1_0.pdf""]}"
C1,R6,Q026,3,"[{""chunk_id"": 462, ""page"": 44, ""source"": ""./uploads/D3_NIST_AI_RMF_1_0.pdf""}, {""chunk_id"": 240, ""page"": 7, ""source"": ""./uploads/D3_NIST_AI_RMF_1_0.pdf""}, {""chunk_id"": 481, ""page"": 47, ""source"": ""./uploads/D3_NIST_AI_RMF_1_0.pdf""}]","{""detailed_sources"": [{""chunk_id"": 462, ""page"": 44, ""source"": ""./uploads/D3_NIST_AI_RMF_1_0.pdf""}, {""chunk_id"": 240, ""page"": 7, ""source"": ""./uploads/D3_NIST_AI_RMF_1_0.pdf""}, {""chunk_id"": 481, ""page"": 47, ""source"": ""./uploads/D3_NIST_AI_RMF_1_0.pdf""}], ""files"": [""./uploads/D3_NIST_AI_RMF_1_0.pdf""]}"
C1,R6,Q027,3,"[{""chunk_id"": 380, ""page"": 30, ""source"": ""./uploads/D3_NIST_AI_RMF_1_0.pdf""}, {""chunk_id"": 254, ""page"": 9, ""source"": ""./uploads/D3_NIST_AI_RMF_1_0.pdf""}, {""chunk_id"": 384, ""page"": 31, ""source"": ""./uploads/D3_NIST_AI_RMF_1_0.pdf""}]","{""detailed_sources"": [{""chunk_id"": 380, ""page"": 30, ""source"": ""./uploads/D3_NIST_AI_RMF_1_0.pdf""}, {""chunk_id"": 254, ""page"": 9, ""source"": ""./uploads/D3_NIST_AI_RMF_1_0.pdf""}, {""chunk_id"": 384, ""page"": 31, ""source"": ""./uploads/D3_NIST_AI_RMF_1_0.pdf""}], ""files"": [""./uploads/D3_NIST_AI_RMF_1_0.pdf""]}"
C1,R6,Q028,3,"[{""chunk_id"": 273, ""page"": 12, ""source"": ""./uploads/D3_NIST_AI_RMF_1_0.pdf""}, {""chunk_id"": 259, ""page"": 10, ""source"": ""./uploads/D3_NIST_AI_RMF_1_0.pdf""}, {""chunk_id"": 264, ""page"": 11, ""source"": ""./uploads/D3_NIST_AI_RMF_1_0.pdf""}]","{""detailed_sources"": [{""chunk_id"": 273, ""page"": 12, ""source"": ""./uploads/D3_NIST_AI_RMF_1_0.pdf""}, {""chunk_id"": 259, ""page"": 10, ""source"": ""./uploads/D3_NIST_AI_RMF_1_0.pdf""}, {""chunk_id"": 264, ""page"": 11, ""source"": ""./uploads/D3_NIST_AI_RMF_1_0.pdf""}], ""files"": [""./uploads/D3_NIST_AI_RMF_1_0.pdf""]}"
C1,R6,Q029,3,"[{""chunk_id"": 226, ""page"": 5, ""source"": ""./uploads/D3_NIST_AI_RMF_1_0.pdf""}, {""chunk_id"": 379, ""page"": 30, ""source"": ""./uploads/D3_NIST_AI_RMF_1_0.pdf""}, {""chunk_id"": 359, ""page"": 27, ""source"": ""./uploads/D3_NIST_AI_RMF_1_0.pdf""}]","{""detailed_sources"": [{""chunk_id"": 226, ""page"": 5, ""source"": ""./uploads/D3_NIST_AI_RMF_1_0.pdf""}, {""chunk_id"": 379, ""page"": 30, ""source"": ""./uploads/D3_NIST_AI_RMF_1_0.pdf""}, {""chunk_id"": 359, ""page"": 27, ""source"": ""./uploads/D3_NIST_AI_RMF_1_0.pdf""}], ""files"": [""./uploads/D3_NIST_AI_RMF_1_0.pdf""]}"
C1,R6,Q030,3,"[{""chunk_id"": 593, ""page"": 14, ""source"": ""./uploads/D4_ICO_AI_Data_Protection_Guidance.pdf""}, {""chunk_id"": 491, ""page"": 1, ""source"": ""./uploads/D4_ICO_AI_Data_Protection_Guidance.pdf""}, {""chunk_id"": 600, ""page"": 14, ""source"": ""./uploads/D4_ICO_AI_Data_Protection_Guidance.pdf""}]","{""detailed_sources"": [{""chunk_id"": 593, ""page"": 14, ""source"": ""./uploads/D4_ICO_AI_Data_Protection_Guidance.pdf""}, {""chunk_id"": 491, ""page"": 1, ""source"": ""./uploads/D4_ICO_AI_Data_Protection_Guidance.pdf""}, {""chunk_id"": 600, ""page"": 14, ""source"": ""./uploads/D4_ICO_AI_Data_Protection_Guidance.pdf""}], ""files"": [""./uploads/D4_ICO_AI_Data_Protection_Guidance.pdf""]}"
C1,R6,Q031,3,"[{""chunk_id"": 504, ""page"": 3, ""source"": ""./uploads/D4_ICO_AI_Data_Protection_Guidance.pdf""}, {""chunk_id"": 505, ""page"": 3, ""source"": ""./uploads/D4_ICO_AI_Data_Protection_Guidance.pdf""}, {""chunk_id"": 323, ""page"": 20, ""source"": ""./uploads/D3_NIST_AI_RMF_1_0.pdf""}]","{""detailed_sources"": [{""chunk_id"": 504, ""page"": 3, ""source"": ""./uploads/D4_ICO_AI_Data_Protection_Guidance.pdf""}, {""chunk_id"": 505, ""page"": 3, ""source"": ""./uploads/D4_ICO_AI_Data_Protection_Guidance.pdf""}, {""chunk_id"": 323, ""page"": 20, ""source"": ""./uploads/D3_NIST_AI_RMF_1_0.pdf""}], ""files"": [""./uploads/D3_NIST_AI_RMF_1_0.pdf"", ""./uploads/D4_ICO_AI_Data_Protection_Guidance.pdf""]}"
C1,R6,Q032,3,"[{""chunk_id"": 508, ""page"": 4, ""source"": ""./uploads/D4_ICO_AI_Data_Protection_Guidance.pdf""}, {""chunk_id"": 534, ""page"": 7, ""source"": ""./uploads/D4_ICO_AI_Data_Protection_Guidance.pdf""}, {""chunk_id"": 509, ""page"": 4, ""source"": ""./uploads/D4_ICO_AI_Data_Protection_Guidance.pdf""}]","{""detailed_sources"": [{""chunk_id"": 508, ""page"": 4, ""source"": ""./uploads/D4_ICO_AI_Data_Protection_Guidance.pdf""}, {""chunk_id"": 534, ""page"": 7, ""source"": ""./uploads/D4_ICO_AI_Data_Protection_Guidance.pdf""}, {""chunk_id"": 509, ""page"": 4, ""source"": ""./uploads/D4_ICO_AI_Data_Protection_Guidance.pdf""}], ""files"": [""./uploads/D4_ICO_AI_Data_Protection_Guidance.pdf""]}"
C1,R6,Q033,3,"[{""chunk_id"": 567, ""page"": 11, ""source"": ""./uploads/D4_ICO_AI_Data_Protection_Guidance.pdf""}, {""chunk_id"": 568, ""page"": 11, ""source"": ""./uploads/D4_ICO_AI_Data_Protection_Guidance.pdf""}, {""chunk_id"": 574, ""page"": 12, ""source"": ""./uploads/D4_ICO_AI_Data_Protection_Guidance.pdf""}]","{""detailed_sources"": [{""chunk_id"": 567, ""page"": 11, ""source"": ""./uploads/D4_ICO_AI_Data_Protection_Guidance.pdf""}, {""chunk_id"": 568, ""page"": 11, ""source"": ""./uploads/D4_ICO_AI_Data_Protection_Guidance.pdf""}, {""chunk_id"": 574, ""page"": 12, ""source"": ""./uploads/D4_ICO_AI_Data_Protection_Guidance.pdf""}], ""files"": [""./uploads/D4_ICO_AI_Data_Protection_Guidance.pdf""]}"
C1,R6,Q034,3,"[{""chunk_id"": 600, ""page"": 14, ""source"": ""./uploads/D4_ICO_AI_Data_Protection_Guidance.pdf""}, {""chunk_id"": 602, ""page"": 15, ""source"": ""./uploads/D4_ICO_AI_Data_Protection_Guidance.pdf""}, {""chunk_id"": 599, ""page"": 14, ""source"": ""./uploads/D4_ICO_AI_Data_Protection_Guidance.pdf""}]","{""detailed_sources"": [{""chunk_id"": 600, ""page"": 14, ""source"": ""./uploads/D4_ICO_AI_Data_Protection_Guidance.pdf""}, {""chunk_id"": 602, ""page"": 15, ""source"": ""./uploads/D4_ICO_AI_Data_Protection_Guidance.pdf""}, {""chunk_id"": 599, ""page"": 14, ""source"": ""./uploads/D4_ICO_AI_Data_Protection_Guidance.pdf""}], ""files"": [""./uploads/D4_ICO_AI_Data_Protection_Guidance.pdf""]}"
C1,R6,Q035,3,"[{""chunk_id"": 653, ""page"": 20, ""source"": ""./uploads/D4_ICO_AI_Data_Protection_Guidance.pdf""}, {""chunk_id"": 651, ""page"": 20, ""source"": ""./uploads/D4_ICO_AI_Data_Protection_Guidance.pdf""}, {""chunk_id"": 654, ""page"": 20, ""source"": ""./uploads/D4_ICO_AI_Data_Protection_Guidance.pdf""}]","{""detailed_sources"": [{""chunk_id"": 653, ""page"": 20, ""source"": ""./uploads/D4_ICO_AI_Data_Protection_Guidance.pdf""}, {""chunk_id"": 651, ""page"": 20, ""source"": ""./uploads/D4_ICO_AI_Data_Protection_Guidance.pdf""}, {""chunk_id"": 654, ""page"": 20, ""source"": ""./uploads/D4_ICO_AI_Data_Protection_Guidance.pdf""}], ""files"": [""./uploads/D4_ICO_AI_Data_Protection_Guidance.pdf""]}"
C1,R6,Q036,3,"[{""chunk_id"": 654, ""page"": 20, ""source"": ""./uploads/D4_ICO_AI_Data_Protection_Guidance.pdf""}, {""chunk_id"": 711, ""page"": 26, ""source"": ""./uploads/D4_ICO_AI_Data_Protection_Guidance.pdf""}, {""chunk_id"": 554, ""page"": 9, ""source"": ""./uploads/D4_ICO_AI_Data_Protection_Guidance.pdf""}]","{""detailed_sources"": [{""chunk_id"": 654, ""page"": 20, ""source"": ""./uploads/D4_ICO_AI_Data_Protection_Guidance.pdf""}, {""chunk_id"": 711, ""page"": 26, ""source"": ""./uploads/D4_ICO_AI_Data_Protection_Guidance.pdf""}, {""chunk_id"": 554, ""page"": 9, ""source"": ""./uploads/D4_ICO_AI_Data_Protection_Guidance.pdf""}], ""files"": [""./uploads/D4_ICO_AI_Data_Protection_Guidance.pdf""]}"
C1,R6,Q037,3,"[{""chunk_id"": 709, ""page"": 25, ""source"": ""./uploads/D4_ICO_AI_Data_Protection_Guidance.pdf""}, {""chunk_id"": 543, ""page"": 8, ""source"": ""./uploads/D4_ICO_AI_Data_Protection_Guidance.pdf""}, {""chunk_id"": 541, ""page"": 8, ""source"": ""./uploads/D4_ICO_AI_Data_Protection_Guidance.pdf""}]","{""detailed_sources"": [{""chunk_id"": 709, ""page"": 25, ""source"": ""./uploads/D4_ICO_AI_Data_Protection_Guidance.pdf""}, {""chunk_id"": 543, ""page"": 8, ""source"": ""./uploads/D4_ICO_AI_Data_Protection_Guidance.pdf""}, {""chunk_id"": 541, ""page"": 8, ""source"": ""./uploads/D4_ICO_AI_Data_Protection_Guidance.pdf""}], ""files"": [""./uploads/D4_ICO_AI_Data_Protection_Guidance.pdf""]}"
C1,R6,Q038,3,"[{""chunk_id"": 50, ""page"": 6, ""source"": ""./uploads/D1_RAG_Lewis_2020.pdf""}, {""chunk_id"": 33, ""page"": 4, ""source"": ""./uploads/D1_RAG_Lewis_2020.pdf""}, {""chunk_id"": 35, ""page"": 4, ""source"": ""./uploads/D1_RAG_Lewis_2020.pdf""}]","{""detailed_sources"": [{""chunk_id"": 50, ""page"": 6, ""source"": ""./uploads/D1_RAG_Lewis_2020.pdf""}, {""chunk_id"": 33, ""page"": 4, ""source"": ""./uploads/D1_RAG_Lewis_2020.pdf""}, {""chunk_id"": 35, ""page"": 4, ""source"": ""./uploads/D1_RAG_Lewis_2020.pdf""}], ""files"": [""./uploads/D1_RAG_Lewis_2020.pdf""]}"
C1,R6,Q039,3,"[{""chunk_id"": 335, ""page"": 22, ""source"": ""./uploads/D3_NIST_AI_RMF_1_0.pdf""}, {""chunk_id"": 334, ""page"": 22, ""source"": ""./uploads/D3_NIST_AI_RMF_1_0.pdf""}, {""chunk_id"": 654, ""page"": 20, ""source"": ""./uploads/D4_ICO_AI_Data_Protection_Guidance.pdf""}]","{""detailed_sources"": [{""chunk_id"": 335, ""page"": 22, ""source"": ""./uploads/D3_NIST_AI_RMF_1_0.pdf""}, {""chunk_id"": 334, ""page"": 22, ""source"": ""./uploads/D3_NIST_AI_RMF_1_0.pdf""}, {""chunk_id"": 654, ""page"": 20, ""source"": ""./uploads/D4_ICO_AI_Data_Protection_Guidance.pdf""}], ""files"": [""./uploads/D3_NIST_AI_RMF_1_0.pdf"", ""./uploads/D4_ICO_AI_Data_Protection_Guidance.pdf""]}"
C1,R6,Q040,3,"[{""chunk_id"": 41, ""page"": 5, ""source"": ""./uploads/D1_RAG_Lewis_2020.pdf""}, {""chunk_id"": 75, ""page"": 8, ""source"": ""./uploads/D1_RAG_Lewis_2020.pdf""}, {""chunk_id"": 160, ""page"": 18, ""source"": ""./uploads/D1_RAG_Lewis_2020.pdf""}]","{""detailed_sources"": [{""chunk_id"": 41, ""page"": 5, ""source"": ""./uploads/D1_RAG_Lewis_2020.pdf""}, {""chunk_id"": 75, ""page"": 8, ""source"": ""./uploads/D1_RAG_Lewis_2020.pdf""}, {""chunk_id"": 160, ""page"": 18, ""source"": ""./uploads/D1_RAG_Lewis_2020.pdf""}], ""files"": [""./uploads/D1_RAG_Lewis_2020.pdf""]}"
C2,Q8,Q001,1,"[{""chunk_id"": 0, ""page"": 1, ""source"": ""./uploads/D1_RAG_Lewis_2020.pdf""}, {""chunk_id"": 148, ""page"": 17, ""source"": ""./uploads/D1_RAG_Lewis_2020.pdf""}, {""chunk_id"": 75, ""page"": 8, ""source"": ""./uploads/D1_RAG_Lewis_2020.pdf""}]","{""detailed_sources"": [{""chunk_id"": 0, ""page"": 1, ""source"": ""./uploads/D1_RAG_Lewis_2020.pdf""}, {""chunk_id"": 148, ""page"": 17, ""source"": ""./uploads/D1_RAG_Lewis_2020.pdf""}, {""chunk_id"": 75, ""page"": 8, ""source"": ""./uploads/D1_RAG_Lewis_2020.pdf""}], ""files"": [""./uploads/D1_RAG_Lewis_2020.pdf""]}"
C2,Q8,Q002,1,"[{""chunk_id"": 12, ""page"": 2, ""source"": ""./uploads/D1_RAG_Lewis_2020.pdf""}, {""chunk_id"": 84, ""page"": 9, ""source"": ""./uploads/D1_RAG_Lewis_2020.pdf""}, {""chunk_id"": 16, ""page"": 2, ""source"": ""./uploads/D1_RAG_Lewis_2020.pdf""}]","{""detailed_sources"": [{""chunk_id"": 12, ""page"": 2, ""source"": ""./uploads/D1_RAG_Lewis_2020.pdf""}, {""chunk_id"": 84, ""page"": 9, ""source"": ""./uploads/D1_RAG_Lewis_2020.pdf""}, {""chunk_id"": 16, ""page"": 2, ""source"": ""./uploads/D1_RAG_Lewis_2020.pdf""}], ""files"": [""./uploads/D1_RAG_Lewis_2020.pdf""]}"
C2,Q8,Q003,1,"[{""chunk_id"": 92, ""page"": 10, ""source"": ""./uploads/D1_RAG_Lewis_2020.pdf""}, {""chunk_id"": 75, ""page"": 8, ""source"": ""./uploads/D1_RAG_Lewis_2020.pdf""}, {""chunk_id"": 41, ""page"": 5, ""source"": ""./uploads/D1_RAG_Lewis_2020.pdf""}]","{""detailed_sources"": [{""chunk_id"": 92, ""page"": 10, ""source"": ""./uploads/D1_RAG_Lewis_2020.pdf""}, {""chunk_id"": 75, ""page"": 8, ""source"": ""./uploads/D1_RAG_Lewis_2020.pdf""}, {""chunk_id"": 41, ""page"": 5, ""source"": ""./uploads/D1_RAG_Lewis_2020.pdf""}], ""files"": [""./uploads/D1_RAG_Lewis_2020.pdf""]}"
C2,Q8,Q004,1,"[{""chunk_id"": 46, ""page"": 5, ""source"": ""./uploads/D1_RAG_Lewis_2020.pdf""}, {""chunk_id"": 65, ""page"": 7, ""source"": ""./uploads/D1_RAG_Lewis_2020.pdf""}, {""chunk_id"": 21, ""page"": 3, ""source"": ""./uploads/D1_RAG_Lewis_2020.pdf""}]","{""detailed_sources"": [{""chunk_id"": 46, ""page"": 5, ""source"": ""./uploads/D1_RAG_Lewis_2020.pdf""}, {""chunk_id"": 65, ""page"": 7, ""source"": ""./uploads/D1_RAG_Lewis_2020.pdf""}, {""chunk_id"": 21, ""page"": 3, ""source"": ""./uploads/D1_RAG_Lewis_2020.pdf""}], ""files"": [""./uploads/D1_RAG_Lewis_2020.pdf""]}"
C2,Q8,Q005,1,"[{""chunk_id"": 16, ""page"": 2, ""source"": ""./uploads/D1_RAG_Lewis_2020.pdf""}, {""chunk_id"": 5, ""page"": 1, ""source"": ""./uploads/D1_RAG_Lewis_2020.pdf""}, {""chunk_id"": 163, ""page"": 18, ""source"": ""./uploads/D1_RAG_Lewis_2020.pdf""}]","{""detailed_sources"": [{""chunk_id"": 16, ""page"": 2, ""source"": ""./uploads/D1_RAG_Lewis_2020.pdf""}, {""chunk_id"": 5, ""page"": 1, ""source"": ""./uploads/D1_RAG_Lewis_2020.pdf""}, {""chunk_id"": 163, ""page"": 18, ""source"": ""./uploads/D1_RAG_Lewis_2020.pdf""}], ""files"": [""./uploads/D1_RAG_Lewis_2020.pdf""]}"
C2,Q8,Q006,1,"[{""chunk_id"": 16, ""page"": 2, ""source"": ""./uploads/D1_RAG_Lewis_2020.pdf""}, {""chunk_id"": 10, ""page"": 2, ""source"": ""./uploads/D1_RAG_Lewis_2020.pdf""}, {""chunk_id"": 20, ""page"": 3, ""source"": ""./uploads/D1_RAG_Lewis_2020.pdf""}]","{""detailed_sources"": [{""chunk_id"": 16, ""page"": 2, ""source"": ""./uploads/D1_RAG_Lewis_2020.pdf""}, {""chunk_id"": 10, ""page"": 2, ""source"": ""./uploads/D1_RAG_Lewis_2020.pdf""}, {""chunk_id"": 20, ""page"": 3, ""source"": ""./uploads/D1_RAG_Lewis_2020.pdf""}], ""files"": [""./uploads/D1_RAG_Lewis_2020.pdf""]}"
C2,Q8,Q007,1,"[{""chunk_id"": 14, ""page"": 2, ""source"": ""./uploads/D1_RAG_Lewis_2020.pdf""}, {""chunk_id"": 1, ""page"": 1, ""source"": ""./uploads/D1_RAG_Lewis_2020.pdf""}, {""chunk_id"": 387, ""page"": 31, ""source"": ""./uploads/D3_NIST_AI_RMF_1_0.pdf""}]","{""detailed_sources"": [{""chunk_id"": 14, ""page"": 2, ""source"": ""./uploads/D1_RAG_Lewis_2020.pdf""}, {""chunk_id"": 1, ""page"": 1, ""source"": ""./uploads/D1_RAG_Lewis_2020.pdf""}, {""chunk_id"": 387, ""page"": 31, ""source"": ""./uploads/D3_NIST_AI_RMF_1_0.pdf""}], ""files"": [""./uploads/D3_NIST_AI_RMF_1_0.pdf"", ""./uploads/D1_RAG_Lewis_2020.pdf""]}"
C2,Q8,Q008,1,"[{""chunk_id"": 0, ""page"": 1, ""source"": ""./uploads/D1_RAG_Lewis_2020.pdf""}, {""chunk_id"": 79, ""page"": 9, ""source"": ""./uploads/D1_RAG_Lewis_2020.pdf""}, {""chunk_id"": 78, ""page"": 9, ""source"": ""./uploads/D1_RAG_Lewis_2020.pdf""}]","{""detailed_sources"": [{""chunk_id"": 0, ""page"": 1, ""source"": ""./uploads/D1_RAG_Lewis_2020.pdf""}, {""chunk_id"": 79, ""page"": 9, ""source"": ""./uploads/D1_RAG_Lewis_2020.pdf""}, {""chunk_id"": 78, ""page"": 9, ""source"": ""./uploads/D1_RAG_Lewis_2020.pdf""}], ""files"": [""./uploads/D1_RAG_Lewis_2020.pdf""]}"
C2,Q8,Q009,1,"[{""chunk_id"": 44, ""page"": 5, ""source"": ""./uploads/D1_RAG_Lewis_2020.pdf""}, {""chunk_id"": 584, ""page"": 13, ""source"": ""./uploads/D4_ICO_AI_Data_Protection_Guidance.pdf""}, {""chunk_id"": 570, ""page"": 11, ""source"": ""./uploads/D4_ICO_AI_Data_Protection_Guidance.pdf""}]","{""detailed_sources"": [{""chunk_id"": 44, ""page"": 5, ""source"": ""./uploads/D1_RAG_Lewis_2020.pdf""}, {""chunk_id"": 584, ""page"": 13, ""source"": ""./uploads/D4_ICO_AI_Data_Protection_Guidance.pdf""}, {""chunk_id"": 570, ""page"": 11, ""source"": ""./uploads/D4_ICO_AI_Data_Protection_Guidance.pdf""}], ""files"": [""./uploads/D1_RAG_Lewis_2020.pdf"", ""./uploads/D4_ICO_AI_Data_Protection_Guidance.pdf""]}"
C2,Q8,Q010,1,"[{""chunk_id"": 65, ""page"": 7, ""source"": ""./uploads/D1_RAG_Lewis_2020.pdf""}, {""chunk_id"": 53, ""page"": 6, ""source"": ""./uploads/D1_RAG_Lewis_2020.pdf""}, {""chunk_id"": 59, ""page"": 7, ""source"": ""./uploads/D1_RAG_Lewis_2020.pdf""}]","{""detailed_sources"": [{""chunk_id"": 65, ""page"": 7, ""source"": ""./uploads/D1_RAG_Lewis_2020.pdf""}, {""chunk_id"": 53, ""page"": 6, ""source"": ""./uploads/D1_RAG_Lewis_2020.pdf""}, {""chunk_id"": 59, ""page"": 7, ""source"": ""./uploads/D1_RAG_Lewis_2020.pdf""}], ""files"": [""./uploads/D1_RAG_Lewis_2020.pdf""]}"
C2,Q8,Q011,1,"[{""chunk_id"": 174, ""page"": 2, ""source"": ""./uploads/D2_llama_cpp_README.pdf""}, {""chunk_id"": 171, ""page"": 1, ""source"": ""./uploads/D2_llama_cpp_README.pdf""}, {""chunk_id"": 196, ""page"": 9, ""source"": ""./uploads/D2_llama_cpp_README.pdf""}]","{""detailed_sources"": [{""chunk_id"": 174, ""page"": 2, ""source"": ""./uploads/D2_llama_cpp_README.pdf""}, {""chunk_id"": 171, ""page"": 1, ""source"": ""./uploads/D2_llama_cpp_README.pdf""}, {""chunk_id"": 196, ""page"": 9, ""source"": ""./uploads/D2_llama_cpp_README.pdf""}], ""files"": [""./uploads/D2_llama_cpp_README.pdf""]}"
C2,Q8,Q012,1,"[{""chunk_id"": 174, ""page"": 2, ""source"": ""./uploads/D2_llama_cpp_README.pdf""}, {""chunk_id"": 171, ""page"": 1, ""source"": ""./uploads/D2_llama_cpp_README.pdf""}, {""chunk_id"": 196, ""page"": 9, ""source"": ""./uploads/D2_llama_cpp_README.pdf""}]","{""detailed_sources"": [{""chunk_id"": 174, ""page"": 2, ""source"": ""./uploads/D2_llama_cpp_README.pdf""}, {""chunk_id"": 171, ""page"": 1, ""source"": ""./uploads/D2_llama_cpp_README.pdf""}, {""chunk_id"": 196, ""page"": 9, ""source"": ""./uploads/D2_llama_cpp_README.pdf""}], ""files"": [""./uploads/D2_llama_cpp_README.pdf""]}"
C2,Q8,Q013,1,"[{""chunk_id"": 202, ""page"": 11, ""source"": ""./uploads/D2_llama_cpp_README.pdf""}, {""chunk_id"": 174, ""page"": 2, ""source"": ""./uploads/D2_llama_cpp_README.pdf""}, {""chunk_id"": 193, ""page"": 9, ""source"": ""./uploads/D2_llama_cpp_README.pdf""}]","{""detailed_sources"": [{""chunk_id"": 202, ""page"": 11, ""source"": ""./uploads/D2_llama_cpp_README.pdf""}, {""chunk_id"": 174, ""page"": 2, ""source"": ""./uploads/D2_llama_cpp_README.pdf""}, {""chunk_id"": 193, ""page"": 9, ""source"": ""./uploads/D2_llama_cpp_README.pdf""}], ""files"": [""./uploads/D2_llama_cpp_README.pdf""]}"
C2,Q8,Q014,1,"[{""chunk_id"": 176, ""page"": 2, ""source"": ""./uploads/D2_llama_cpp_README.pdf""}, {""chunk_id"": 175, ""page"": 2, ""source"": ""./uploads/D2_llama_cpp_README.pdf""}, {""chunk_id"": 5, ""page"": 1, ""source"": ""./uploads/D1_RAG_Lewis_2020.pdf""}]","{""detailed_sources"": [{""chunk_id"": 176, ""page"": 2, ""source"": ""./uploads/D2_llama_cpp_README.pdf""}, {""chunk_id"": 175, ""page"": 2, ""source"": ""./uploads/D2_llama_cpp_README.pdf""}, {""chunk_id"": 5, ""page"": 1, ""source"": ""./uploads/D1_RAG_Lewis_2020.pdf""}], ""files"": [""./uploads/D2_llama_cpp_README.pdf"", ""./uploads/D1_RAG_Lewis_2020.pdf""]}"
C2,Q8,Q015,1,"[{""chunk_id"": 174, ""page"": 2, ""source"": ""./uploads/D2_llama_cpp_README.pdf""}, {""chunk_id"": 201, ""page"": 11, ""source"": ""./uploads/D2_llama_cpp_README.pdf""}, {""chunk_id"": 194, ""page"": 9, ""source"": ""./uploads/D2_llama_cpp_README.pdf""}]","{""detailed_sources"": [{""chunk_id"": 174, ""page"": 2, ""source"": ""./uploads/D2_llama_cpp_README.pdf""}, {""chunk_id"": 201, ""page"": 11, ""source"": ""./uploads/D2_llama_cpp_README.pdf""}, {""chunk_id"": 194, ""page"": 9, ""source"": ""./uploads/D2_llama_cpp_README.pdf""}], ""files"": [""./uploads/D2_llama_cpp_README.pdf""]}"
C2,Q8,Q016,1,"[{""chunk_id"": 618, ""page"": 16, ""source"": ""./uploads/D4_ICO_AI_Data_Protection_Guidance.pdf""}, {""chunk_id"": 189, ""page"": 8, ""source"": ""./uploads/D2_llama_cpp_README.pdf""}, {""chunk_id"": 619, ""page"": 16, ""source"": ""./uploads/D4_ICO_AI_Data_Protection_Guidance.pdf""}]","{""detailed_sources"": [{""chunk_id"": 618, ""page"": 16, ""source"": ""./uploads/D4_ICO_AI_Data_Protection_Guidance.pdf""}, {""chunk_id"": 189, ""page"": 8, ""source"": ""./uploads/D2_llama_cpp_README.pdf""}, {""chunk_id"": 619, ""page"": 16, ""source"": ""./uploads/D4_ICO_AI_Data_Protection_Guidance.pdf""}], ""files"": [""./uploads/D2_llama_cpp_README.pdf"", ""./uploads/D4_ICO_AI_Data_Protection_Guidance.pdf""]}"
C2,Q8,Q017,1,"[{""chunk_id"": 192, ""page"": 9, ""source"": ""./uploads/D2_llama_cpp_README.pdf""}, {""chunk_id"": 174, ""page"": 2, ""source"": ""./uploads/D2_llama_cpp_README.pdf""}, {""chunk_id"": 173, ""page"": 1, ""source"": ""./uploads/D2_llama_cpp_README.pdf""}]","{""detailed_sources"": [{""chunk_id"": 192, ""page"": 9, ""source"": ""./uploads/D2_llama_cpp_README.pdf""}, {""chunk_id"": 174, ""page"": 2, ""source"": ""./uploads/D2_llama_cpp_README.pdf""}, {""chunk_id"": 173, ""page"": 1, ""source"": ""./uploads/D2_llama_cpp_README.pdf""}], ""files"": [""./uploads/D2_llama_cpp_README.pdf""]}"
C2,Q8,Q018,1,"[{""chunk_id"": 707, ""page"": 25, ""source"": ""./uploads/D4_ICO_AI_Data_Protection_Guidance.pdf""}, {""chunk_id"": 706, ""page"": 25, ""source"": ""./uploads/D4_ICO_AI_Data_Protection_Guidance.pdf""}, {""chunk_id"": 637, ""page"": 18, ""source"": ""./uploads/D4_ICO_AI_Data_Protection_Guidance.pdf""}]","{""detailed_sources"": [{""chunk_id"": 707, ""page"": 25, ""source"": ""./uploads/D4_ICO_AI_Data_Protection_Guidance.pdf""}, {""chunk_id"": 706, ""page"": 25, ""source"": ""./uploads/D4_ICO_AI_Data_Protection_Guidance.pdf""}, {""chunk_id"": 637, ""page"": 18, ""source"": ""./uploads/D4_ICO_AI_Data_Protection_Guidance.pdf""}], ""files"": [""./uploads/D4_ICO_AI_Data_Protection_Guidance.pdf""]}"
C2,Q8,Q019,1,"[{""chunk_id"": 205, ""page"": 13, ""source"": ""./uploads/D2_llama_cpp_README.pdf""}, {""chunk_id"": 73, ""page"": 8, ""source"": ""./uploads/D1_RAG_Lewis_2020.pdf""}, {""chunk_id"": 72, ""page"": 8, ""source"": ""./uploads/D1_RAG_Lewis_2020.pdf""}]","{""detailed_sources"": [{""chunk_id"": 205, ""page"": 13, ""source"": ""./uploads/D2_llama_cpp_README.pdf""}, {""chunk_id"": 73, ""page"": 8, ""source"": ""./uploads/D1_RAG_Lewis_2020.pdf""}, {""chunk_id"": 72, ""page"": 8, ""source"": ""./uploads/D1_RAG_Lewis_2020.pdf""}], ""files"": [""./uploads/D2_llama_cpp_README.pdf"", ""./uploads/D1_RAG_Lewis_2020.pdf""]}"
C2,Q8,Q020,1,"[{""chunk_id"": 175, ""page"": 2, ""source"": ""./uploads/D2_llama_cpp_README.pdf""}, {""chunk_id"": 709, ""page"": 25, ""source"": ""./uploads/D4_ICO_AI_Data_Protection_Guidance.pdf""}, {""chunk_id"": 690, ""page"": 23, ""source"": ""./uploads/D4_ICO_AI_Data_Protection_Guidance.pdf""}]","{""detailed_sources"": [{""chunk_id"": 175, ""page"": 2, ""source"": ""./uploads/D2_llama_cpp_README.pdf""}, {""chunk_id"": 709, ""page"": 25, ""source"": ""./uploads/D4_ICO_AI_Data_Protection_Guidance.pdf""}, {""chunk_id"": 690, ""page"": 23, ""source"": ""./uploads/D4_ICO_AI_Data_Protection_Guidance.pdf""}], ""files"": [""./uploads/D2_llama_cpp_README.pdf"", ""./uploads/D4_ICO_AI_Data_Protection_Guidance.pdf""]}"
C2,Q8,Q021,1,"[{""chunk_id"": 248, ""page"": 9, ""source"": ""./uploads/D3_NIST_AI_RMF_1_0.pdf""}, {""chunk_id"": 344, ""page"": 24, ""source"": ""./uploads/D3_NIST_AI_RMF_1_0.pdf""}, {""chunk_id"": 243, ""page"": 8, ""source"": ""./uploads/D3_NIST_AI_RMF_1_0.pdf""}]","{""detailed_sources"": [{""chunk_id"": 248, ""page"": 9, ""source"": ""./uploads/D3_NIST_AI_RMF_1_0.pdf""}, {""chunk_id"": 344, ""page"": 24, ""source"": ""./uploads/D3_NIST_AI_RMF_1_0.pdf""}, {""chunk_id"": 243, ""page"": 8, ""source"": ""./uploads/D3_NIST_AI_RMF_1_0.pdf""}], ""files"": [""./uploads/D3_NIST_AI_RMF_1_0.pdf""]}"
C2,Q8,Q022,1,"[{""chunk_id"": 416, ""page"": 36, ""source"": ""./uploads/D3_NIST_AI_RMF_1_0.pdf""}, {""chunk_id"": 258, ""page"": 10, ""source"": ""./uploads/D3_NIST_AI_RMF_1_0.pdf""}, {""chunk_id"": 275, ""page"": 13, ""source"": ""./uploads/D3_NIST_AI_RMF_1_0.pdf""}]","{""detailed_sources"": [{""chunk_id"": 416, ""page"": 36, ""source"": ""./uploads/D3_NIST_AI_RMF_1_0.pdf""}, {""chunk_id"": 258, ""page"": 10, ""source"": ""./uploads/D3_NIST_AI_RMF_1_0.pdf""}, {""chunk_id"": 275, ""page"": 13, ""source"": ""./uploads/D3_NIST_AI_RMF_1_0.pdf""}], ""files"": [""./uploads/D3_NIST_AI_RMF_1_0.pdf""]}"
C2,Q8,Q023,1,"[{""chunk_id"": 298, ""page"": 17, ""source"": ""./uploads/D3_NIST_AI_RMF_1_0.pdf""}, {""chunk_id"": 304, ""page"": 18, ""source"": ""./uploads/D3_NIST_AI_RMF_1_0.pdf""}, {""chunk_id"": 299, ""page"": 17, ""source"": ""./uploads/D3_NIST_AI_RMF_1_0.pdf""}]","{""detailed_sources"": [{""chunk_id"": 298, ""page"": 17, ""source"": ""./uploads/D3_NIST_AI_RMF_1_0.pdf""}, {""chunk_id"": 304, ""page"": 18, ""source"": ""./uploads/D3_NIST_AI_RMF_1_0.pdf""}, {""chunk_id"": 299, ""page"": 17, ""source"": ""./uploads/D3_NIST_AI_RMF_1_0.pdf""}], ""files"": [""./uploads/D3_NIST_AI_RMF_1_0.pdf""]}"
C2,Q8,Q024,1,"[{""chunk_id"": 482, ""page"": 47, ""source"": ""./uploads/D3_NIST_AI_RMF_1_0.pdf""}, {""chunk_id"": 415, ""page"": 36, ""source"": ""./uploads/D3_NIST_AI_RMF_1_0.pdf""}, {""chunk_id"": 410, ""page"": 35, ""source"": ""./uploads/D3_NIST_AI_RMF_1_0.pdf""}]","{""detailed_sources"": [{""chunk_id"": 482, ""page"": 47, ""source"": ""./uploads/D3_NIST_AI_RMF_1_0.pdf""}, {""chunk_id"": 415, ""page"": 36, ""source"": ""./uploads/D3_NIST_AI_RMF_1_0.pdf""}, {""chunk_id"": 410, ""page"": 35, ""source"": ""./uploads/D3_NIST_AI_RMF_1_0.pdf""}], ""files"": [""./uploads/D3_NIST_AI_RMF_1_0.pdf""]}"
C2,Q8,Q025,1,"[{""chunk_id"": 250, ""page"": 9, ""source"": ""./uploads/D3_NIST_AI_RMF_1_0.pdf""}, {""chunk_id"": 268, ""page"": 12, ""source"": ""./uploads/D3_NIST_AI_RMF_1_0.pdf""}, {""chunk_id"": 270, ""page"": 12, ""source"": ""./uploads/D3_NIST_AI_RMF_1_0.pdf""}]","{""detailed_sources"": [{""chunk_id"": 250, ""page"": 9, ""source"": ""./uploads/D3_NIST_AI_RMF_1_0.pdf""}, {""chunk_id"": 268, ""page"": 12, ""source"": ""./uploads/D3_NIST_AI_RMF_1_0.pdf""}, {""chunk_id"": 270, ""page"": 12, ""source"": ""./uploads/D3_NIST_AI_RMF_1_0.pdf""}], ""files"": [""./uploads/D3_NIST_AI_RMF_1_0.pdf""]}"
C2,Q8,Q026,1,"[{""chunk_id"": 462, ""page"": 44, ""source"": ""./uploads/D3_NIST_AI_RMF_1_0.pdf""}, {""chunk_id"": 240, ""page"": 7, ""source"": ""./uploads/D3_NIST_AI_RMF_1_0.pdf""}, {""chunk_id"": 481, ""page"": 47, ""source"": ""./uploads/D3_NIST_AI_RMF_1_0.pdf""}]","{""detailed_sources"": [{""chunk_id"": 462, ""page"": 44, ""source"": ""./uploads/D3_NIST_AI_RMF_1_0.pdf""}, {""chunk_id"": 240, ""page"": 7, ""source"": ""./uploads/D3_NIST_AI_RMF_1_0.pdf""}, {""chunk_id"": 481, ""page"": 47, ""source"": ""./uploads/D3_NIST_AI_RMF_1_0.pdf""}], ""files"": [""./uploads/D3_NIST_AI_RMF_1_0.pdf""]}"
C2,Q8,Q027,1,"[{""chunk_id"": 380, ""page"": 30, ""source"": ""./uploads/D3_NIST_AI_RMF_1_0.pdf""}, {""chunk_id"": 254, ""page"": 9, ""source"": ""./uploads/D3_NIST_AI_RMF_1_0.pdf""}, {""chunk_id"": 375, ""page"": 29, ""source"": ""./uploads/D3_NIST_AI_RMF_1_0.pdf""}]","{""detailed_sources"": [{""chunk_id"": 380, ""page"": 30, ""source"": ""./uploads/D3_NIST_AI_RMF_1_0.pdf""}, {""chunk_id"": 254, ""page"": 9, ""source"": ""./uploads/D3_NIST_AI_RMF_1_0.pdf""}, {""chunk_id"": 375, ""page"": 29, ""source"": ""./uploads/D3_NIST_AI_RMF_1_0.pdf""}], ""files"": [""./uploads/D3_NIST_AI_RMF_1_0.pdf""]}"
C2,Q8,Q028,1,"[{""chunk_id"": 273, ""page"": 12, ""source"": ""./uploads/D3_NIST_AI_RMF_1_0.pdf""}, {""chunk_id"": 259, ""page"": 10, ""source"": ""./uploads/D3_NIST_AI_RMF_1_0.pdf""}, {""chunk_id"": 264, ""page"": 11, ""source"": ""./uploads/D3_NIST_AI_RMF_1_0.pdf""}]","{""detailed_sources"": [{""chunk_id"": 273, ""page"": 12, ""source"": ""./uploads/D3_NIST_AI_RMF_1_0.pdf""}, {""chunk_id"": 259, ""page"": 10, ""source"": ""./uploads/D3_NIST_AI_RMF_1_0.pdf""}, {""chunk_id"": 264, ""page"": 11, ""source"": ""./uploads/D3_NIST_AI_RMF_1_0.pdf""}], ""files"": [""./uploads/D3_NIST_AI_RMF_1_0.pdf""]}"
C2,Q8,Q029,1,"[{""chunk_id"": 226, ""page"": 5, ""source"": ""./uploads/D3_NIST_AI_RMF_1_0.pdf""}, {""chunk_id"": 379, ""page"": 30, ""source"": ""./uploads/D3_NIST_AI_RMF_1_0.pdf""}, {""chunk_id"": 359, ""page"": 27, ""source"": ""./uploads/D3_NIST_AI_RMF_1_0.pdf""}]","{""detailed_sources"": [{""chunk_id"": 226, ""page"": 5, ""source"": ""./uploads/D3_NIST_AI_RMF_1_0.pdf""}, {""chunk_id"": 379, ""page"": 30, ""source"": ""./uploads/D3_NIST_AI_RMF_1_0.pdf""}, {""chunk_id"": 359, ""page"": 27, ""source"": ""./uploads/D3_NIST_AI_RMF_1_0.pdf""}], ""files"": [""./uploads/D3_NIST_AI_RMF_1_0.pdf""]}"
C2,Q8,Q030,1,"[{""chunk_id"": 593, ""page"": 14, ""source"": ""./uploads/D4_ICO_AI_Data_Protection_Guidance.pdf""}, {""chunk_id"": 491, ""page"": 1, ""source"": ""./uploads/D4_ICO_AI_Data_Protection_Guidance.pdf""}, {""chunk_id"": 600, ""page"": 14, ""source"": ""./uploads/D4_ICO_AI_Data_Protection_Guidance.pdf""}]","{""detailed_sources"": [{""chunk_id"": 593, ""page"": 14, ""source"": ""./uploads/D4_ICO_AI_Data_Protection_Guidance.pdf""}, {""chunk_id"": 491, ""page"": 1, ""source"": ""./uploads/D4_ICO_AI_Data_Protection_Guidance.pdf""}, {""chunk_id"": 600, ""page"": 14, ""source"": ""./uploads/D4_ICO_AI_Data_Protection_Guidance.pdf""}], ""files"": [""./uploads/D4_ICO_AI_Data_Protection_Guidance.pdf""]}"
C2,Q8,Q031,1,"[{""chunk_id"": 504, ""page"": 3, ""source"": ""./uploads/D4_ICO_AI_Data_Protection_Guidance.pdf""}, {""chunk_id"": 505, ""page"": 3, ""source"": ""./uploads/D4_ICO_AI_Data_Protection_Guidance.pdf""}, {""chunk_id"": 323, ""page"": 20, ""source"": ""./uploads/D3_NIST_AI_RMF_1_0.pdf""}]","{""detailed_sources"": [{""chunk_id"": 504, ""page"": 3, ""source"": ""./uploads/D4_ICO_AI_Data_Protection_Guidance.pdf""}, {""chunk_id"": 505, ""page"": 3, ""source"": ""./uploads/D4_ICO_AI_Data_Protection_Guidance.pdf""}, {""chunk_id"": 323, ""page"": 20, ""source"": ""./uploads/D3_NIST_AI_RMF_1_0.pdf""}], ""files"": [""./uploads/D3_NIST_AI_RMF_1_0.pdf"", ""./uploads/D4_ICO_AI_Data_Protection_Guidance.pdf""]}"
C2,Q8,Q032,1,"[{""chunk_id"": 508, ""page"": 4, ""source"": ""./uploads/D4_ICO_AI_Data_Protection_Guidance.pdf""}, {""chunk_id"": 566, ""page"": 11, ""source"": ""./uploads/D4_ICO_AI_Data_Protection_Guidance.pdf""}, {""chunk_id"": 534, ""page"": 7, ""source"": ""./uploads/D4_ICO_AI_Data_Protection_Guidance.pdf""}]","{""detailed_sources"": [{""chunk_id"": 508, ""page"": 4, ""source"": ""./uploads/D4_ICO_AI_Data_Protection_Guidance.pdf""}, {""chunk_id"": 566, ""page"": 11, ""source"": ""./uploads/D4_ICO_AI_Data_Protection_Guidance.pdf""}, {""chunk_id"": 534, ""page"": 7, ""source"": ""./uploads/D4_ICO_AI_Data_Protection_Guidance.pdf""}], ""files"": [""./uploads/D4_ICO_AI_Data_Protection_Guidance.pdf""]}"
C2,Q8,Q033,1,"[{""chunk_id"": 567, ""page"": 11, ""source"": ""./uploads/D4_ICO_AI_Data_Protection_Guidance.pdf""}, {""chunk_id"": 568, ""page"": 11, ""source"": ""./uploads/D4_ICO_AI_Data_Protection_Guidance.pdf""}, {""chunk_id"": 574, ""page"": 12, ""source"": ""./uploads/D4_ICO_AI_Data_Protection_Guidance.pdf""}]","{""detailed_sources"": [{""chunk_id"": 567, ""page"": 11, ""source"": ""./uploads/D4_ICO_AI_Data_Protection_Guidance.pdf""}, {""chunk_id"": 568, ""page"": 11, ""source"": ""./uploads/D4_ICO_AI_Data_Protection_Guidance.pdf""}, {""chunk_id"": 574, ""page"": 12, ""source"": ""./uploads/D4_ICO_AI_Data_Protection_Guidance.pdf""}], ""files"": [""./uploads/D4_ICO_AI_Data_Protection_Guidance.pdf""]}"
C2,Q8,Q034,1,"[{""chunk_id"": 600, ""page"": 14, ""source"": ""./uploads/D4_ICO_AI_Data_Protection_Guidance.pdf""}, {""chunk_id"": 602, ""page"": 15, ""source"": ""./uploads/D4_ICO_AI_Data_Protection_Guidance.pdf""}, {""chunk_id"": 599, ""page"": 14, ""source"": ""./uploads/D4_ICO_AI_Data_Protection_Guidance.pdf""}]","{""detailed_sources"": [{""chunk_id"": 600, ""page"": 14, ""source"": ""./uploads/D4_ICO_AI_Data_Protection_Guidance.pdf""}, {""chunk_id"": 602, ""page"": 15, ""source"": ""./uploads/D4_ICO_AI_Data_Protection_Guidance.pdf""}, {""chunk_id"": 599, ""page"": 14, ""source"": ""./uploads/D4_ICO_AI_Data_Protection_Guidance.pdf""}], ""files"": [""./uploads/D4_ICO_AI_Data_Protection_Guidance.pdf""]}"
C2,Q8,Q035,1,"[{""chunk_id"": 653, ""page"": 20, ""source"": ""./uploads/D4_ICO_AI_Data_Protection_Guidance.pdf""}, {""chunk_id"": 651, ""page"": 20, ""source"": ""./uploads/D4_ICO_AI_Data_Protection_Guidance.pdf""}, {""chunk_id"": 654, ""page"": 20, ""source"": ""./uploads/D4_ICO_AI_Data_Protection_Guidance.pdf""}]","{""detailed_sources"": [{""chunk_id"": 653, ""page"": 20, ""source"": ""./uploads/D4_ICO_AI_Data_Protection_Guidance.pdf""}, {""chunk_id"": 651, ""page"": 20, ""source"": ""./uploads/D4_ICO_AI_Data_Protection_Guidance.pdf""}, {""chunk_id"": 654, ""page"": 20, ""source"": ""./uploads/D4_ICO_AI_Data_Protection_Guidance.pdf""}], ""files"": [""./uploads/D4_ICO_AI_Data_Protection_Guidance.pdf""]}"
C2,Q8,Q036,1,"[{""chunk_id"": 654, ""page"": 20, ""source"": ""./uploads/D4_ICO_AI_Data_Protection_Guidance.pdf""}, {""chunk_id"": 711, ""page"": 26, ""source"": ""./uploads/D4_ICO_AI_Data_Protection_Guidance.pdf""}, {""chunk_id"": 625, ""page"": 17, ""source"": ""./uploads/D4_ICO_AI_Data_Protection_Guidance.pdf""}]","{""detailed_sources"": [{""chunk_id"": 654, ""page"": 20, ""source"": ""./uploads/D4_ICO_AI_Data_Protection_Guidance.pdf""}, {""chunk_id"": 711, ""page"": 26, ""source"": ""./uploads/D4_ICO_AI_Data_Protection_Guidance.pdf""}, {""chunk_id"": 625, ""page"": 17, ""source"": ""./uploads/D4_ICO_AI_Data_Protection_Guidance.pdf""}], ""files"": [""./uploads/D4_ICO_AI_Data_Protection_Guidance.pdf""]}"
C2,Q8,Q037,1,"[{""chunk_id"": 543, ""page"": 8, ""source"": ""./uploads/D4_ICO_AI_Data_Protection_Guidance.pdf""}, {""chunk_id"": 541, ""page"": 8, ""source"": ""./uploads/D4_ICO_AI_Data_Protection_Guidance.pdf""}, {""chunk_id"": 555, ""page"": 10, ""source"": ""./uploads/D4_ICO_AI_Data_Protection_Guidance.pdf""}]","{""detailed_sources"": [{""chunk_id"": 543, ""page"": 8, ""source"": ""./uploads/D4_ICO_AI_Data_Protection_Guidance.pdf""}, {""chunk_id"": 541, ""page"": 8, ""source"": ""./uploads/D4_ICO_AI_Data_Protection_Guidance.pdf""}, {""chunk_id"": 555, ""page"": 10, ""source"": ""./uploads/D4_ICO_AI_Data_Protection_Guidance.pdf""}], ""files"": [""./uploads/D4_ICO_AI_Data_Protection_Guidance.pdf""]}"
C2,Q8,Q038,1,"[{""chunk_id"": 50, ""page"": 6, ""source"": ""./uploads/D1_RAG_Lewis_2020.pdf""}, {""chunk_id"": 33, ""page"": 4, ""source"": ""./uploads/D1_RAG_Lewis_2020.pdf""}, {""chunk_id"": 35, ""page"": 4, ""source"": ""./uploads/D1_RAG_Lewis_2020.pdf""}]","{""detailed_sources"": [{""chunk_id"": 50, ""page"": 6, ""source"": ""./uploads/D1_RAG_Lewis_2020.pdf""}, {""chunk_id"": 33, ""page"": 4, ""source"": ""./uploads/D1_RAG_Lewis_2020.pdf""}, {""chunk_id"": 35, ""page"": 4, ""source"": ""./uploads/D1_RAG_Lewis_2020.pdf""}], ""files"": [""./uploads/D1_RAG_Lewis_2020.pdf""]}"
C2,Q8,Q039,1,"[{""chunk_id"": 335, ""page"": 22, ""source"": ""./uploads/D3_NIST_AI_RMF_1_0.pdf""}, {""chunk_id"": 334, ""page"": 22, ""source"": ""./uploads/D3_NIST_AI_RMF_1_0.pdf""}, {""chunk_id"": 654, ""page"": 20, ""source"": ""./uploads/D4_ICO_AI_Data_Protection_Guidance.pdf""}]","{""detailed_sources"": [{""chunk_id"": 335, ""page"": 22, ""source"": ""./uploads/D3_NIST_AI_RMF_1_0.pdf""}, {""chunk_id"": 334, ""page"": 22, ""source"": ""./uploads/D3_NIST_AI_RMF_1_0.pdf""}, {""chunk_id"": 654, ""page"": 20, ""source"": ""./uploads/D4_ICO_AI_Data_Protection_Guidance.pdf""}], ""files"": [""./uploads/D3_NIST_AI_RMF_1_0.pdf"", ""./uploads/D4_ICO_AI_Data_Protection_Guidance.pdf""]}"
C2,Q8,Q040,1,"[{""chunk_id"": 41, ""page"": 5, ""source"": ""./uploads/D1_RAG_Lewis_2020.pdf""}, {""chunk_id"": 75, ""page"": 8, ""source"": ""./uploads/D1_RAG_Lewis_2020.pdf""}, {""chunk_id"": 160, ""page"": 18, ""source"": ""./uploads/D1_RAG_Lewis_2020.pdf""}]","{""detailed_sources"": [{""chunk_id"": 41, ""page"": 5, ""source"": ""./uploads/D1_RAG_Lewis_2020.pdf""}, {""chunk_id"": 75, ""page"": 8, ""source"": ""./uploads/D1_RAG_Lewis_2020.pdf""}, {""chunk_id"": 160, ""page"": 18, ""source"": ""./uploads/D1_RAG_Lewis_2020.pdf""}], ""files"": [""./uploads/D1_RAG_Lewis_2020.pdf""]}"
C2,Q8,Q001,2,"[{""chunk_id"": 0, ""page"": 1, ""source"": ""./uploads/D1_RAG_Lewis_2020.pdf""}, {""chunk_id"": 148, ""page"": 17, ""source"": ""./uploads/D1_RAG_Lewis_2020.pdf""}, {""chunk_id"": 75, ""page"": 8, ""source"": ""./uploads/D1_RAG_Lewis_2020.pdf""}]","{""detailed_sources"": [{""chunk_id"": 0, ""page"": 1, ""source"": ""./uploads/D1_RAG_Lewis_2020.pdf""}, {""chunk_id"": 148, ""page"": 17, ""source"": ""./uploads/D1_RAG_Lewis_2020.pdf""}, {""chunk_id"": 75, ""page"": 8, ""source"": ""./uploads/D1_RAG_Lewis_2020.pdf""}], ""files"": [""./uploads/D1_RAG_Lewis_2020.pdf""]}"
C2,Q8,Q002,2,"[{""chunk_id"": 12, ""page"": 2, ""source"": ""./uploads/D1_RAG_Lewis_2020.pdf""}, {""chunk_id"": 84, ""page"": 9, ""source"": ""./uploads/D1_RAG_Lewis_2020.pdf""}, {""chunk_id"": 16, ""page"": 2, ""source"": ""./uploads/D1_RAG_Lewis_2020.pdf""}]","{""detailed_sources"": [{""chunk_id"": 12, ""page"": 2, ""source"": ""./uploads/D1_RAG_Lewis_2020.pdf""}, {""chunk_id"": 84, ""page"": 9, ""source"": ""./uploads/D1_RAG_Lewis_2020.pdf""}, {""chunk_id"": 16, ""page"": 2, ""source"": ""./uploads/D1_RAG_Lewis_2020.pdf""}], ""files"": [""./uploads/D1_RAG_Lewis_2020.pdf""]}"
C2,Q8,Q003,2,"[{""chunk_id"": 92, ""page"": 10, ""source"": ""./uploads/D1_RAG_Lewis_2020.pdf""}, {""chunk_id"": 75, ""page"": 8, ""source"": ""./uploads/D1_RAG_Lewis_2020.pdf""}, {""chunk_id"": 41, ""page"": 5, ""source"": ""./uploads/D1_RAG_Lewis_2020.pdf""}]","{""detailed_sources"": [{""chunk_id"": 92, ""page"": 10, ""source"": ""./uploads/D1_RAG_Lewis_2020.pdf""}, {""chunk_id"": 75, ""page"": 8, ""source"": ""./uploads/D1_RAG_Lewis_2020.pdf""}, {""chunk_id"": 41, ""page"": 5, ""source"": ""./uploads/D1_RAG_Lewis_2020.pdf""}], ""files"": [""./uploads/D1_RAG_Lewis_2020.pdf""]}"
C2,Q8,Q004,2,"[{""chunk_id"": 46, ""page"": 5, ""source"": ""./uploads/D1_RAG_Lewis_2020.pdf""}, {""chunk_id"": 65, ""page"": 7, ""source"": ""./uploads/D1_RAG_Lewis_2020.pdf""}, {""chunk_id"": 21, ""page"": 3, ""source"": ""./uploads/D1_RAG_Lewis_2020.pdf""}]","{""detailed_sources"": [{""chunk_id"": 46, ""page"": 5, ""source"": ""./uploads/D1_RAG_Lewis_2020.pdf""}, {""chunk_id"": 65, ""page"": 7, ""source"": ""./uploads/D1_RAG_Lewis_2020.pdf""}, {""chunk_id"": 21, ""page"": 3, ""source"": ""./uploads/D1_RAG_Lewis_2020.pdf""}], ""files"": [""./uploads/D1_RAG_Lewis_2020.pdf""]}"
C2,Q8,Q005,2,"[{""chunk_id"": 16, ""page"": 2, ""source"": ""./uploads/D1_RAG_Lewis_2020.pdf""}, {""chunk_id"": 5, ""page"": 1, ""source"": ""./uploads/D1_RAG_Lewis_2020.pdf""}, {""chunk_id"": 163, ""page"": 18, ""source"": ""./uploads/D1_RAG_Lewis_2020.pdf""}]","{""detailed_sources"": [{""chunk_id"": 16, ""page"": 2, ""source"": ""./uploads/D1_RAG_Lewis_2020.pdf""}, {""chunk_id"": 5, ""page"": 1, ""source"": ""./uploads/D1_RAG_Lewis_2020.pdf""}, {""chunk_id"": 163, ""page"": 18, ""source"": ""./uploads/D1_RAG_Lewis_2020.pdf""}], ""files"": [""./uploads/D1_RAG_Lewis_2020.pdf""]}"
C2,Q8,Q006,2,"[{""chunk_id"": 16, ""page"": 2, ""source"": ""./uploads/D1_RAG_Lewis_2020.pdf""}, {""chunk_id"": 10, ""page"": 2, ""source"": ""./uploads/D1_RAG_Lewis_2020.pdf""}, {""chunk_id"": 20, ""page"": 3, ""source"": ""./uploads/D1_RAG_Lewis_2020.pdf""}]","{""detailed_sources"": [{""chunk_id"": 16, ""page"": 2, ""source"": ""./uploads/D1_RAG_Lewis_2020.pdf""}, {""chunk_id"": 10, ""page"": 2, ""source"": ""./uploads/D1_RAG_Lewis_2020.pdf""}, {""chunk_id"": 20, ""page"": 3, ""source"": ""./uploads/D1_RAG_Lewis_2020.pdf""}], ""files"": [""./uploads/D1_RAG_Lewis_2020.pdf""]}"
C2,Q8,Q007,2,"[{""chunk_id"": 14, ""page"": 2, ""source"": ""./uploads/D1_RAG_Lewis_2020.pdf""}, {""chunk_id"": 1, ""page"": 1, ""source"": ""./uploads/D1_RAG_Lewis_2020.pdf""}, {""chunk_id"": 387, ""page"": 31, ""source"": ""./uploads/D3_NIST_AI_RMF_1_0.pdf""}]","{""detailed_sources"": [{""chunk_id"": 14, ""page"": 2, ""source"": ""./uploads/D1_RAG_Lewis_2020.pdf""}, {""chunk_id"": 1, ""page"": 1, ""source"": ""./uploads/D1_RAG_Lewis_2020.pdf""}, {""chunk_id"": 387, ""page"": 31, ""source"": ""./uploads/D3_NIST_AI_RMF_1_0.pdf""}], ""files"": [""./uploads/D3_NIST_AI_RMF_1_0.pdf"", ""./uploads/D1_RAG_Lewis_2020.pdf""]}"
C2,Q8,Q008,2,"[{""chunk_id"": 0, ""page"": 1, ""source"": ""./uploads/D1_RAG_Lewis_2020.pdf""}, {""chunk_id"": 79, ""page"": 9, ""source"": ""./uploads/D1_RAG_Lewis_2020.pdf""}, {""chunk_id"": 78, ""page"": 9, ""source"": ""./uploads/D1_RAG_Lewis_2020.pdf""}]","{""detailed_sources"": [{""chunk_id"": 0, ""page"": 1, ""source"": ""./uploads/D1_RAG_Lewis_2020.pdf""}, {""chunk_id"": 79, ""page"": 9, ""source"": ""./uploads/D1_RAG_Lewis_2020.pdf""}, {""chunk_id"": 78, ""page"": 9, ""source"": ""./uploads/D1_RAG_Lewis_2020.pdf""}], ""files"": [""./uploads/D1_RAG_Lewis_2020.pdf""]}"
C2,Q8,Q009,2,"[{""chunk_id"": 44, ""page"": 5, ""source"": ""./uploads/D1_RAG_Lewis_2020.pdf""}, {""chunk_id"": 584, ""page"": 13, ""source"": ""./uploads/D4_ICO_AI_Data_Protection_Guidance.pdf""}, {""chunk_id"": 570, ""page"": 11, ""source"": ""./uploads/D4_ICO_AI_Data_Protection_Guidance.pdf""}]","{""detailed_sources"": [{""chunk_id"": 44, ""page"": 5, ""source"": ""./uploads/D1_RAG_Lewis_2020.pdf""}, {""chunk_id"": 584, ""page"": 13, ""source"": ""./uploads/D4_ICO_AI_Data_Protection_Guidance.pdf""}, {""chunk_id"": 570, ""page"": 11, ""source"": ""./uploads/D4_ICO_AI_Data_Protection_Guidance.pdf""}], ""files"": [""./uploads/D1_RAG_Lewis_2020.pdf"", ""./uploads/D4_ICO_AI_Data_Protection_Guidance.pdf""]}"
C2,Q8,Q010,2,"[{""chunk_id"": 65, ""page"": 7, ""source"": ""./uploads/D1_RAG_Lewis_2020.pdf""}, {""chunk_id"": 53, ""page"": 6, ""source"": ""./uploads/D1_RAG_Lewis_2020.pdf""}, {""chunk_id"": 59, ""page"": 7, ""source"": ""./uploads/D1_RAG_Lewis_2020.pdf""}]","{""detailed_sources"": [{""chunk_id"": 65, ""page"": 7, ""source"": ""./uploads/D1_RAG_Lewis_2020.pdf""}, {""chunk_id"": 53, ""page"": 6, ""source"": ""./uploads/D1_RAG_Lewis_2020.pdf""}, {""chunk_id"": 59, ""page"": 7, ""source"": ""./uploads/D1_RAG_Lewis_2020.pdf""}], ""files"": [""./uploads/D1_RAG_Lewis_2020.pdf""]}"
C2,Q8,Q011,2,"[{""chunk_id"": 174, ""page"": 2, ""source"": ""./uploads/D2_llama_cpp_README.pdf""}, {""chunk_id"": 171, ""page"": 1, ""source"": ""./uploads/D2_llama_cpp_README.pdf""}, {""chunk_id"": 196, ""page"": 9, ""source"": ""./uploads/D2_llama_cpp_README.pdf""}]","{""detailed_sources"": [{""chunk_id"": 174, ""page"": 2, ""source"": ""./uploads/D2_llama_cpp_README.pdf""}, {""chunk_id"": 171, ""page"": 1, ""source"": ""./uploads/D2_llama_cpp_README.pdf""}, {""chunk_id"": 196, ""page"": 9, ""source"": ""./uploads/D2_llama_cpp_README.pdf""}], ""files"": [""./uploads/D2_llama_cpp_README.pdf""]}"
C2,Q8,Q012,2,"[{""chunk_id"": 174, ""page"": 2, ""source"": ""./uploads/D2_llama_cpp_README.pdf""}, {""chunk_id"": 171, ""page"": 1, ""source"": ""./uploads/D2_llama_cpp_README.pdf""}, {""chunk_id"": 196, ""page"": 9, ""source"": ""./uploads/D2_llama_cpp_README.pdf""}]","{""detailed_sources"": [{""chunk_id"": 174, ""page"": 2, ""source"": ""./uploads/D2_llama_cpp_README.pdf""}, {""chunk_id"": 171, ""page"": 1, ""source"": ""./uploads/D2_llama_cpp_README.pdf""}, {""chunk_id"": 196, ""page"": 9, ""source"": ""./uploads/D2_llama_cpp_README.pdf""}], ""files"": [""./uploads/D2_llama_cpp_README.pdf""]}"
C2,Q8,Q013,2,"[{""chunk_id"": 202, ""page"": 11, ""source"": ""./uploads/D2_llama_cpp_README.pdf""}, {""chunk_id"": 174, ""page"": 2, ""source"": ""./uploads/D2_llama_cpp_README.pdf""}, {""chunk_id"": 193, ""page"": 9, ""source"": ""./uploads/D2_llama_cpp_README.pdf""}]","{""detailed_sources"": [{""chunk_id"": 202, ""page"": 11, ""source"": ""./uploads/D2_llama_cpp_README.pdf""}, {""chunk_id"": 174, ""page"": 2, ""source"": ""./uploads/D2_llama_cpp_README.pdf""}, {""chunk_id"": 193, ""page"": 9, ""source"": ""./uploads/D2_llama_cpp_README.pdf""}], ""files"": [""./uploads/D2_llama_cpp_README.pdf""]}"
C2,Q8,Q014,2,"[{""chunk_id"": 176, ""page"": 2, ""source"": ""./uploads/D2_llama_cpp_README.pdf""}, {""chunk_id"": 175, ""page"": 2, ""source"": ""./uploads/D2_llama_cpp_README.pdf""}, {""chunk_id"": 5, ""page"": 1, ""source"": ""./uploads/D1_RAG_Lewis_2020.pdf""}]","{""detailed_sources"": [{""chunk_id"": 176, ""page"": 2, ""source"": ""./uploads/D2_llama_cpp_README.pdf""}, {""chunk_id"": 175, ""page"": 2, ""source"": ""./uploads/D2_llama_cpp_README.pdf""}, {""chunk_id"": 5, ""page"": 1, ""source"": ""./uploads/D1_RAG_Lewis_2020.pdf""}], ""files"": [""./uploads/D2_llama_cpp_README.pdf"", ""./uploads/D1_RAG_Lewis_2020.pdf""]}"
C2,Q8,Q015,2,"[{""chunk_id"": 174, ""page"": 2, ""source"": ""./uploads/D2_llama_cpp_README.pdf""}, {""chunk_id"": 201, ""page"": 11, ""source"": ""./uploads/D2_llama_cpp_README.pdf""}, {""chunk_id"": 194, ""page"": 9, ""source"": ""./uploads/D2_llama_cpp_README.pdf""}]","{""detailed_sources"": [{""chunk_id"": 174, ""page"": 2, ""source"": ""./uploads/D2_llama_cpp_README.pdf""}, {""chunk_id"": 201, ""page"": 11, ""source"": ""./uploads/D2_llama_cpp_README.pdf""}, {""chunk_id"": 194, ""page"": 9, ""source"": ""./uploads/D2_llama_cpp_README.pdf""}], ""files"": [""./uploads/D2_llama_cpp_README.pdf""]}"
C2,Q8,Q016,2,"[{""chunk_id"": 618, ""page"": 16, ""source"": ""./uploads/D4_ICO_AI_Data_Protection_Guidance.pdf""}, {""chunk_id"": 189, ""page"": 8, ""source"": ""./uploads/D2_llama_cpp_README.pdf""}, {""chunk_id"": 619, ""page"": 16, ""source"": ""./uploads/D4_ICO_AI_Data_Protection_Guidance.pdf""}]","{""detailed_sources"": [{""chunk_id"": 618, ""page"": 16, ""source"": ""./uploads/D4_ICO_AI_Data_Protection_Guidance.pdf""}, {""chunk_id"": 189, ""page"": 8, ""source"": ""./uploads/D2_llama_cpp_README.pdf""}, {""chunk_id"": 619, ""page"": 16, ""source"": ""./uploads/D4_ICO_AI_Data_Protection_Guidance.pdf""}], ""files"": [""./uploads/D2_llama_cpp_README.pdf"", ""./uploads/D4_ICO_AI_Data_Protection_Guidance.pdf""]}"
C2,Q8,Q017,2,"[{""chunk_id"": 192, ""page"": 9, ""source"": ""./uploads/D2_llama_cpp_README.pdf""}, {""chunk_id"": 174, ""page"": 2, ""source"": ""./uploads/D2_llama_cpp_README.pdf""}, {""chunk_id"": 173, ""page"": 1, ""source"": ""./uploads/D2_llama_cpp_README.pdf""}]","{""detailed_sources"": [{""chunk_id"": 192, ""page"": 9, ""source"": ""./uploads/D2_llama_cpp_README.pdf""}, {""chunk_id"": 174, ""page"": 2, ""source"": ""./uploads/D2_llama_cpp_README.pdf""}, {""chunk_id"": 173, ""page"": 1, ""source"": ""./uploads/D2_llama_cpp_README.pdf""}], ""files"": [""./uploads/D2_llama_cpp_README.pdf""]}"
C2,Q8,Q018,2,"[{""chunk_id"": 707, ""page"": 25, ""source"": ""./uploads/D4_ICO_AI_Data_Protection_Guidance.pdf""}, {""chunk_id"": 706, ""page"": 25, ""source"": ""./uploads/D4_ICO_AI_Data_Protection_Guidance.pdf""}, {""chunk_id"": 637, ""page"": 18, ""source"": ""./uploads/D4_ICO_AI_Data_Protection_Guidance.pdf""}]","{""detailed_sources"": [{""chunk_id"": 707, ""page"": 25, ""source"": ""./uploads/D4_ICO_AI_Data_Protection_Guidance.pdf""}, {""chunk_id"": 706, ""page"": 25, ""source"": ""./uploads/D4_ICO_AI_Data_Protection_Guidance.pdf""}, {""chunk_id"": 637, ""page"": 18, ""source"": ""./uploads/D4_ICO_AI_Data_Protection_Guidance.pdf""}], ""files"": [""./uploads/D4_ICO_AI_Data_Protection_Guidance.pdf""]}"
C2,Q8,Q019,2,"[{""chunk_id"": 205, ""page"": 13, ""source"": ""./uploads/D2_llama_cpp_README.pdf""}, {""chunk_id"": 73, ""page"": 8, ""source"": ""./uploads/D1_RAG_Lewis_2020.pdf""}, {""chunk_id"": 72, ""page"": 8, ""source"": ""./uploads/D1_RAG_Lewis_2020.pdf""}]","{""detailed_sources"": [{""chunk_id"": 205, ""page"": 13, ""source"": ""./uploads/D2_llama_cpp_README.pdf""}, {""chunk_id"": 73, ""page"": 8, ""source"": ""./uploads/D1_RAG_Lewis_2020.pdf""}, {""chunk_id"": 72, ""page"": 8, ""source"": ""./uploads/D1_RAG_Lewis_2020.pdf""}], ""files"": [""./uploads/D2_llama_cpp_README.pdf"", ""./uploads/D1_RAG_Lewis_2020.pdf""]}"
C2,Q8,Q020,2,"[{""chunk_id"": 175, ""page"": 2, ""source"": ""./uploads/D2_llama_cpp_README.pdf""}, {""chunk_id"": 709, ""page"": 25, ""source"": ""./uploads/D4_ICO_AI_Data_Protection_Guidance.pdf""}, {""chunk_id"": 690, ""page"": 23, ""source"": ""./uploads/D4_ICO_AI_Data_Protection_Guidance.pdf""}]","{""detailed_sources"": [{""chunk_id"": 175, ""page"": 2, ""source"": ""./uploads/D2_llama_cpp_README.pdf""}, {""chunk_id"": 709, ""page"": 25, ""source"": ""./uploads/D4_ICO_AI_Data_Protection_Guidance.pdf""}, {""chunk_id"": 690, ""page"": 23, ""source"": ""./uploads/D4_ICO_AI_Data_Protection_Guidance.pdf""}], ""files"": [""./uploads/D2_llama_cpp_README.pdf"", ""./uploads/D4_ICO_AI_Data_Protection_Guidance.pdf""]}"
C2,Q8,Q021,2,"[{""chunk_id"": 248, ""page"": 9, ""source"": ""./uploads/D3_NIST_AI_RMF_1_0.pdf""}, {""chunk_id"": 344, ""page"": 24, ""source"": ""./uploads/D3_NIST_AI_RMF_1_0.pdf""}, {""chunk_id"": 243, ""page"": 8, ""source"": ""./uploads/D3_NIST_AI_RMF_1_0.pdf""}]","{""detailed_sources"": [{""chunk_id"": 248, ""page"": 9, ""source"": ""./uploads/D3_NIST_AI_RMF_1_0.pdf""}, {""chunk_id"": 344, ""page"": 24, ""source"": ""./uploads/D3_NIST_AI_RMF_1_0.pdf""}, {""chunk_id"": 243, ""page"": 8, ""source"": ""./uploads/D3_NIST_AI_RMF_1_0.pdf""}], ""files"": [""./uploads/D3_NIST_AI_RMF_1_0.pdf""]}"
C2,Q8,Q022,2,"[{""chunk_id"": 416, ""page"": 36, ""source"": ""./uploads/D3_NIST_AI_RMF_1_0.pdf""}, {""chunk_id"": 258, ""page"": 10, ""source"": ""./uploads/D3_NIST_AI_RMF_1_0.pdf""}, {""chunk_id"": 275, ""page"": 13, ""source"": ""./uploads/D3_NIST_AI_RMF_1_0.pdf""}]","{""detailed_sources"": [{""chunk_id"": 416, ""page"": 36, ""source"": ""./uploads/D3_NIST_AI_RMF_1_0.pdf""}, {""chunk_id"": 258, ""page"": 10, ""source"": ""./uploads/D3_NIST_AI_RMF_1_0.pdf""}, {""chunk_id"": 275, ""page"": 13, ""source"": ""./uploads/D3_NIST_AI_RMF_1_0.pdf""}], ""files"": [""./uploads/D3_NIST_AI_RMF_1_0.pdf""]}"
C2,Q8,Q023,2,"[{""chunk_id"": 298, ""page"": 17, ""source"": ""./uploads/D3_NIST_AI_RMF_1_0.pdf""}, {""chunk_id"": 304, ""page"": 18, ""source"": ""./uploads/D3_NIST_AI_RMF_1_0.pdf""}, {""chunk_id"": 299, ""page"": 17, ""source"": ""./uploads/D3_NIST_AI_RMF_1_0.pdf""}]","{""detailed_sources"": [{""chunk_id"": 298, ""page"": 17, ""source"": ""./uploads/D3_NIST_AI_RMF_1_0.pdf""}, {""chunk_id"": 304, ""page"": 18, ""source"": ""./uploads/D3_NIST_AI_RMF_1_0.pdf""}, {""chunk_id"": 299, ""page"": 17, ""source"": ""./uploads/D3_NIST_AI_RMF_1_0.pdf""}], ""files"": [""./uploads/D3_NIST_AI_RMF_1_0.pdf""]}"
C2,Q8,Q024,2,"[{""chunk_id"": 482, ""page"": 47, ""source"": ""./uploads/D3_NIST_AI_RMF_1_0.pdf""}, {""chunk_id"": 415, ""page"": 36, ""source"": ""./uploads/D3_NIST_AI_RMF_1_0.pdf""}, {""chunk_id"": 410, ""page"": 35, ""source"": ""./uploads/D3_NIST_AI_RMF_1_0.pdf""}]","{""detailed_sources"": [{""chunk_id"": 482, ""page"": 47, ""source"": ""./uploads/D3_NIST_AI_RMF_1_0.pdf""}, {""chunk_id"": 415, ""page"": 36, ""source"": ""./uploads/D3_NIST_AI_RMF_1_0.pdf""}, {""chunk_id"": 410, ""page"": 35, ""source"": ""./uploads/D3_NIST_AI_RMF_1_0.pdf""}], ""files"": [""./uploads/D3_NIST_AI_RMF_1_0.pdf""]}"
C2,Q8,Q025,2,"[{""chunk_id"": 250, ""page"": 9, ""source"": ""./uploads/D3_NIST_AI_RMF_1_0.pdf""}, {""chunk_id"": 268, ""page"": 12, ""source"": ""./uploads/D3_NIST_AI_RMF_1_0.pdf""}, {""chunk_id"": 270, ""page"": 12, ""source"": ""./uploads/D3_NIST_AI_RMF_1_0.pdf""}]","{""detailed_sources"": [{""chunk_id"": 250, ""page"": 9, ""source"": ""./uploads/D3_NIST_AI_RMF_1_0.pdf""}, {""chunk_id"": 268, ""page"": 12, ""source"": ""./uploads/D3_NIST_AI_RMF_1_0.pdf""}, {""chunk_id"": 270, ""page"": 12, ""source"": ""./uploads/D3_NIST_AI_RMF_1_0.pdf""}], ""files"": [""./uploads/D3_NIST_AI_RMF_1_0.pdf""]}"
C2,Q8,Q026,2,"[{""chunk_id"": 462, ""page"": 44, ""source"": ""./uploads/D3_NIST_AI_RMF_1_0.pdf""}, {""chunk_id"": 240, ""page"": 7, ""source"": ""./uploads/D3_NIST_AI_RMF_1_0.pdf""}, {""chunk_id"": 481, ""page"": 47, ""source"": ""./uploads/D3_NIST_AI_RMF_1_0.pdf""}]","{""detailed_sources"": [{""chunk_id"": 462, ""page"": 44, ""source"": ""./uploads/D3_NIST_AI_RMF_1_0.pdf""}, {""chunk_id"": 240, ""page"": 7, ""source"": ""./uploads/D3_NIST_AI_RMF_1_0.pdf""}, {""chunk_id"": 481, ""page"": 47, ""source"": ""./uploads/D3_NIST_AI_RMF_1_0.pdf""}], ""files"": [""./uploads/D3_NIST_AI_RMF_1_0.pdf""]}"
C2,Q8,Q027,2,"[{""chunk_id"": 380, ""page"": 30, ""source"": ""./uploads/D3_NIST_AI_RMF_1_0.pdf""}, {""chunk_id"": 254, ""page"": 9, ""source"": ""./uploads/D3_NIST_AI_RMF_1_0.pdf""}, {""chunk_id"": 375, ""page"": 29, ""source"": ""./uploads/D3_NIST_AI_RMF_1_0.pdf""}]","{""detailed_sources"": [{""chunk_id"": 380, ""page"": 30, ""source"": ""./uploads/D3_NIST_AI_RMF_1_0.pdf""}, {""chunk_id"": 254, ""page"": 9, ""source"": ""./uploads/D3_NIST_AI_RMF_1_0.pdf""}, {""chunk_id"": 375, ""page"": 29, ""source"": ""./uploads/D3_NIST_AI_RMF_1_0.pdf""}], ""files"": [""./uploads/D3_NIST_AI_RMF_1_0.pdf""]}"
C2,Q8,Q028,2,"[{""chunk_id"": 273, ""page"": 12, ""source"": ""./uploads/D3_NIST_AI_RMF_1_0.pdf""}, {""chunk_id"": 259, ""page"": 10, ""source"": ""./uploads/D3_NIST_AI_RMF_1_0.pdf""}, {""chunk_id"": 264, ""page"": 11, ""source"": ""./uploads/D3_NIST_AI_RMF_1_0.pdf""}]","{""detailed_sources"": [{""chunk_id"": 273, ""page"": 12, ""source"": ""./uploads/D3_NIST_AI_RMF_1_0.pdf""}, {""chunk_id"": 259, ""page"": 10, ""source"": ""./uploads/D3_NIST_AI_RMF_1_0.pdf""}, {""chunk_id"": 264, ""page"": 11, ""source"": ""./uploads/D3_NIST_AI_RMF_1_0.pdf""}], ""files"": [""./uploads/D3_NIST_AI_RMF_1_0.pdf""]}"
C2,Q8,Q029,2,"[{""chunk_id"": 226, ""page"": 5, ""source"": ""./uploads/D3_NIST_AI_RMF_1_0.pdf""}, {""chunk_id"": 379, ""page"": 30, ""source"": ""./uploads/D3_NIST_AI_RMF_1_0.pdf""}, {""chunk_id"": 359, ""page"": 27, ""source"": ""./uploads/D3_NIST_AI_RMF_1_0.pdf""}]","{""detailed_sources"": [{""chunk_id"": 226, ""page"": 5, ""source"": ""./uploads/D3_NIST_AI_RMF_1_0.pdf""}, {""chunk_id"": 379, ""page"": 30, ""source"": ""./uploads/D3_NIST_AI_RMF_1_0.pdf""}, {""chunk_id"": 359, ""page"": 27, ""source"": ""./uploads/D3_NIST_AI_RMF_1_0.pdf""}], ""files"": [""./uploads/D3_NIST_AI_RMF_1_0.pdf""]}"
C2,Q8,Q030,2,"[{""chunk_id"": 593, ""page"": 14, ""source"": ""./uploads/D4_ICO_AI_Data_Protection_Guidance.pdf""}, {""chunk_id"": 491, ""page"": 1, ""source"": ""./uploads/D4_ICO_AI_Data_Protection_Guidance.pdf""}, {""chunk_id"": 600, ""page"": 14, ""source"": ""./uploads/D4_ICO_AI_Data_Protection_Guidance.pdf""}]","{""detailed_sources"": [{""chunk_id"": 593, ""page"": 14, ""source"": ""./uploads/D4_ICO_AI_Data_Protection_Guidance.pdf""}, {""chunk_id"": 491, ""page"": 1, ""source"": ""./uploads/D4_ICO_AI_Data_Protection_Guidance.pdf""}, {""chunk_id"": 600, ""page"": 14, ""source"": ""./uploads/D4_ICO_AI_Data_Protection_Guidance.pdf""}], ""files"": [""./uploads/D4_ICO_AI_Data_Protection_Guidance.pdf""]}"
C2,Q8,Q031,2,"[{""chunk_id"": 504, ""page"": 3, ""source"": ""./uploads/D4_ICO_AI_Data_Protection_Guidance.pdf""}, {""chunk_id"": 505, ""page"": 3, ""source"": ""./uploads/D4_ICO_AI_Data_Protection_Guidance.pdf""}, {""chunk_id"": 323, ""page"": 20, ""source"": ""./uploads/D3_NIST_AI_RMF_1_0.pdf""}]","{""detailed_sources"": [{""chunk_id"": 504, ""page"": 3, ""source"": ""./uploads/D4_ICO_AI_Data_Protection_Guidance.pdf""}, {""chunk_id"": 505, ""page"": 3, ""source"": ""./uploads/D4_ICO_AI_Data_Protection_Guidance.pdf""}, {""chunk_id"": 323, ""page"": 20, ""source"": ""./uploads/D3_NIST_AI_RMF_1_0.pdf""}], ""files"": [""./uploads/D3_NIST_AI_RMF_1_0.pdf"", ""./uploads/D4_ICO_AI_Data_Protection_Guidance.pdf""]}"
C2,Q8,Q032,2,"[{""chunk_id"": 508, ""page"": 4, ""source"": ""./uploads/D4_ICO_AI_Data_Protection_Guidance.pdf""}, {""chunk_id"": 566, ""page"": 11, ""source"": ""./uploads/D4_ICO_AI_Data_Protection_Guidance.pdf""}, {""chunk_id"": 534, ""page"": 7, ""source"": ""./uploads/D4_ICO_AI_Data_Protection_Guidance.pdf""}]","{""detailed_sources"": [{""chunk_id"": 508, ""page"": 4, ""source"": ""./uploads/D4_ICO_AI_Data_Protection_Guidance.pdf""}, {""chunk_id"": 566, ""page"": 11, ""source"": ""./uploads/D4_ICO_AI_Data_Protection_Guidance.pdf""}, {""chunk_id"": 534, ""page"": 7, ""source"": ""./uploads/D4_ICO_AI_Data_Protection_Guidance.pdf""}], ""files"": [""./uploads/D4_ICO_AI_Data_Protection_Guidance.pdf""]}"
C2,Q8,Q033,2,"[{""chunk_id"": 567, ""page"": 11, ""source"": ""./uploads/D4_ICO_AI_Data_Protection_Guidance.pdf""}, {""chunk_id"": 568, ""page"": 11, ""source"": ""./uploads/D4_ICO_AI_Data_Protection_Guidance.pdf""}, {""chunk_id"": 574, ""page"": 12, ""source"": ""./uploads/D4_ICO_AI_Data_Protection_Guidance.pdf""}]","{""detailed_sources"": [{""chunk_id"": 567, ""page"": 11, ""source"": ""./uploads/D4_ICO_AI_Data_Protection_Guidance.pdf""}, {""chunk_id"": 568, ""page"": 11, ""source"": ""./uploads/D4_ICO_AI_Data_Protection_Guidance.pdf""}, {""chunk_id"": 574, ""page"": 12, ""source"": ""./uploads/D4_ICO_AI_Data_Protection_Guidance.pdf""}], ""files"": [""./uploads/D4_ICO_AI_Data_Protection_Guidance.pdf""]}"
C2,Q8,Q034,2,"[{""chunk_id"": 600, ""page"": 14, ""source"": ""./uploads/D4_ICO_AI_Data_Protection_Guidance.pdf""}, {""chunk_id"": 602, ""page"": 15, ""source"": ""./uploads/D4_ICO_AI_Data_Protection_Guidance.pdf""}, {""chunk_id"": 599, ""page"": 14, ""source"": ""./uploads/D4_ICO_AI_Data_Protection_Guidance.pdf""}]","{""detailed_sources"": [{""chunk_id"": 600, ""page"": 14, ""source"": ""./uploads/D4_ICO_AI_Data_Protection_Guidance.pdf""}, {""chunk_id"": 602, ""page"": 15, ""source"": ""./uploads/D4_ICO_AI_Data_Protection_Guidance.pdf""}, {""chunk_id"": 599, ""page"": 14, ""source"": ""./uploads/D4_ICO_AI_Data_Protection_Guidance.pdf""}], ""files"": [""./uploads/D4_ICO_AI_Data_Protection_Guidance.pdf""]}"
C2,Q8,Q035,2,"[{""chunk_id"": 653, ""page"": 20, ""source"": ""./uploads/D4_ICO_AI_Data_Protection_Guidance.pdf""}, {""chunk_id"": 651, ""page"": 20, ""source"": ""./uploads/D4_ICO_AI_Data_Protection_Guidance.pdf""}, {""chunk_id"": 654, ""page"": 20, ""source"": ""./uploads/D4_ICO_AI_Data_Protection_Guidance.pdf""}]","{""detailed_sources"": [{""chunk_id"": 653, ""page"": 20, ""source"": ""./uploads/D4_ICO_AI_Data_Protection_Guidance.pdf""}, {""chunk_id"": 651, ""page"": 20, ""source"": ""./uploads/D4_ICO_AI_Data_Protection_Guidance.pdf""}, {""chunk_id"": 654, ""page"": 20, ""source"": ""./uploads/D4_ICO_AI_Data_Protection_Guidance.pdf""}], ""files"": [""./uploads/D4_ICO_AI_Data_Protection_Guidance.pdf""]}"
C2,Q8,Q036,2,"[{""chunk_id"": 654, ""page"": 20, ""source"": ""./uploads/D4_ICO_AI_Data_Protection_Guidance.pdf""}, {""chunk_id"": 711, ""page"": 26, ""source"": ""./uploads/D4_ICO_AI_Data_Protection_Guidance.pdf""}, {""chunk_id"": 625, ""page"": 17, ""source"": ""./uploads/D4_ICO_AI_Data_Protection_Guidance.pdf""}]","{""detailed_sources"": [{""chunk_id"": 654, ""page"": 20, ""source"": ""./uploads/D4_ICO_AI_Data_Protection_Guidance.pdf""}, {""chunk_id"": 711, ""page"": 26, ""source"": ""./uploads/D4_ICO_AI_Data_Protection_Guidance.pdf""}, {""chunk_id"": 625, ""page"": 17, ""source"": ""./uploads/D4_ICO_AI_Data_Protection_Guidance.pdf""}], ""files"": [""./uploads/D4_ICO_AI_Data_Protection_Guidance.pdf""]}"
C2,Q8,Q037,2,"[{""chunk_id"": 543, ""page"": 8, ""source"": ""./uploads/D4_ICO_AI_Data_Protection_Guidance.pdf""}, {""chunk_id"": 541, ""page"": 8, ""source"": ""./uploads/D4_ICO_AI_Data_Protection_Guidance.pdf""}, {""chunk_id"": 555, ""page"": 10, ""source"": ""./uploads/D4_ICO_AI_Data_Protection_Guidance.pdf""}]","{""detailed_sources"": [{""chunk_id"": 543, ""page"": 8, ""source"": ""./uploads/D4_ICO_AI_Data_Protection_Guidance.pdf""}, {""chunk_id"": 541, ""page"": 8, ""source"": ""./uploads/D4_ICO_AI_Data_Protection_Guidance.pdf""}, {""chunk_id"": 555, ""page"": 10, ""source"": ""./uploads/D4_ICO_AI_Data_Protection_Guidance.pdf""}], ""files"": [""./uploads/D4_ICO_AI_Data_Protection_Guidance.pdf""]}"
C2,Q8,Q038,2,"[{""chunk_id"": 50, ""page"": 6, ""source"": ""./uploads/D1_RAG_Lewis_2020.pdf""}, {""chunk_id"": 33, ""page"": 4, ""source"": ""./uploads/D1_RAG_Lewis_2020.pdf""}, {""chunk_id"": 35, ""page"": 4, ""source"": ""./uploads/D1_RAG_Lewis_2020.pdf""}]","{""detailed_sources"": [{""chunk_id"": 50, ""page"": 6, ""source"": ""./uploads/D1_RAG_Lewis_2020.pdf""}, {""chunk_id"": 33, ""page"": 4, ""source"": ""./uploads/D1_RAG_Lewis_2020.pdf""}, {""chunk_id"": 35, ""page"": 4, ""source"": ""./uploads/D1_RAG_Lewis_2020.pdf""}], ""files"": [""./uploads/D1_RAG_Lewis_2020.pdf""]}"
C2,Q8,Q039,2,"[{""chunk_id"": 335, ""page"": 22, ""source"": ""./uploads/D3_NIST_AI_RMF_1_0.pdf""}, {""chunk_id"": 334, ""page"": 22, ""source"": ""./uploads/D3_NIST_AI_RMF_1_0.pdf""}, {""chunk_id"": 654, ""page"": 20, ""source"": ""./uploads/D4_ICO_AI_Data_Protection_Guidance.pdf""}]","{""detailed_sources"": [{""chunk_id"": 335, ""page"": 22, ""source"": ""./uploads/D3_NIST_AI_RMF_1_0.pdf""}, {""chunk_id"": 334, ""page"": 22, ""source"": ""./uploads/D3_NIST_AI_RMF_1_0.pdf""}, {""chunk_id"": 654, ""page"": 20, ""source"": ""./uploads/D4_ICO_AI_Data_Protection_Guidance.pdf""}], ""files"": [""./uploads/D3_NIST_AI_RMF_1_0.pdf"", ""./uploads/D4_ICO_AI_Data_Protection_Guidance.pdf""]}"
C2,Q8,Q040,2,"[{""chunk_id"": 41, ""page"": 5, ""source"": ""./uploads/D1_RAG_Lewis_2020.pdf""}, {""chunk_id"": 75, ""page"": 8, ""source"": ""./uploads/D1_RAG_Lewis_2020.pdf""}, {""chunk_id"": 160, ""page"": 18, ""source"": ""./uploads/D1_RAG_Lewis_2020.pdf""}]","{""detailed_sources"": [{""chunk_id"": 41, ""page"": 5, ""source"": ""./uploads/D1_RAG_Lewis_2020.pdf""}, {""chunk_id"": 75, ""page"": 8, ""source"": ""./uploads/D1_RAG_Lewis_2020.pdf""}, {""chunk_id"": 160, ""page"": 18, ""source"": ""./uploads/D1_RAG_Lewis_2020.pdf""}], ""files"": [""./uploads/D1_RAG_Lewis_2020.pdf""]}"
C2,Q8,Q001,3,"[{""chunk_id"": 0, ""page"": 1, ""source"": ""./uploads/D1_RAG_Lewis_2020.pdf""}, {""chunk_id"": 148, ""page"": 17, ""source"": ""./uploads/D1_RAG_Lewis_2020.pdf""}, {""chunk_id"": 75, ""page"": 8, ""source"": ""./uploads/D1_RAG_Lewis_2020.pdf""}]","{""detailed_sources"": [{""chunk_id"": 0, ""page"": 1, ""source"": ""./uploads/D1_RAG_Lewis_2020.pdf""}, {""chunk_id"": 148, ""page"": 17, ""source"": ""./uploads/D1_RAG_Lewis_2020.pdf""}, {""chunk_id"": 75, ""page"": 8, ""source"": ""./uploads/D1_RAG_Lewis_2020.pdf""}], ""files"": [""./uploads/D1_RAG_Lewis_2020.pdf""]}"
C2,Q8,Q002,3,"[{""chunk_id"": 12, ""page"": 2, ""source"": ""./uploads/D1_RAG_Lewis_2020.pdf""}, {""chunk_id"": 84, ""page"": 9, ""source"": ""./uploads/D1_RAG_Lewis_2020.pdf""}, {""chunk_id"": 16, ""page"": 2, ""source"": ""./uploads/D1_RAG_Lewis_2020.pdf""}]","{""detailed_sources"": [{""chunk_id"": 12, ""page"": 2, ""source"": ""./uploads/D1_RAG_Lewis_2020.pdf""}, {""chunk_id"": 84, ""page"": 9, ""source"": ""./uploads/D1_RAG_Lewis_2020.pdf""}, {""chunk_id"": 16, ""page"": 2, ""source"": ""./uploads/D1_RAG_Lewis_2020.pdf""}], ""files"": [""./uploads/D1_RAG_Lewis_2020.pdf""]}"
C2,Q8,Q003,3,"[{""chunk_id"": 92, ""page"": 10, ""source"": ""./uploads/D1_RAG_Lewis_2020.pdf""}, {""chunk_id"": 75, ""page"": 8, ""source"": ""./uploads/D1_RAG_Lewis_2020.pdf""}, {""chunk_id"": 41, ""page"": 5, ""source"": ""./uploads/D1_RAG_Lewis_2020.pdf""}]","{""detailed_sources"": [{""chunk_id"": 92, ""page"": 10, ""source"": ""./uploads/D1_RAG_Lewis_2020.pdf""}, {""chunk_id"": 75, ""page"": 8, ""source"": ""./uploads/D1_RAG_Lewis_2020.pdf""}, {""chunk_id"": 41, ""page"": 5, ""source"": ""./uploads/D1_RAG_Lewis_2020.pdf""}], ""files"": [""./uploads/D1_RAG_Lewis_2020.pdf""]}"
C2,Q8,Q004,3,"[{""chunk_id"": 46, ""page"": 5, ""source"": ""./uploads/D1_RAG_Lewis_2020.pdf""}, {""chunk_id"": 65, ""page"": 7, ""source"": ""./uploads/D1_RAG_Lewis_2020.pdf""}, {""chunk_id"": 21, ""page"": 3, ""source"": ""./uploads/D1_RAG_Lewis_2020.pdf""}]","{""detailed_sources"": [{""chunk_id"": 46, ""page"": 5, ""source"": ""./uploads/D1_RAG_Lewis_2020.pdf""}, {""chunk_id"": 65, ""page"": 7, ""source"": ""./uploads/D1_RAG_Lewis_2020.pdf""}, {""chunk_id"": 21, ""page"": 3, ""source"": ""./uploads/D1_RAG_Lewis_2020.pdf""}], ""files"": [""./uploads/D1_RAG_Lewis_2020.pdf""]}"
C2,Q8,Q005,3,"[{""chunk_id"": 16, ""page"": 2, ""source"": ""./uploads/D1_RAG_Lewis_2020.pdf""}, {""chunk_id"": 5, ""page"": 1, ""source"": ""./uploads/D1_RAG_Lewis_2020.pdf""}, {""chunk_id"": 163, ""page"": 18, ""source"": ""./uploads/D1_RAG_Lewis_2020.pdf""}]","{""detailed_sources"": [{""chunk_id"": 16, ""page"": 2, ""source"": ""./uploads/D1_RAG_Lewis_2020.pdf""}, {""chunk_id"": 5, ""page"": 1, ""source"": ""./uploads/D1_RAG_Lewis_2020.pdf""}, {""chunk_id"": 163, ""page"": 18, ""source"": ""./uploads/D1_RAG_Lewis_2020.pdf""}], ""files"": [""./uploads/D1_RAG_Lewis_2020.pdf""]}"
C2,Q8,Q006,3,"[{""chunk_id"": 16, ""page"": 2, ""source"": ""./uploads/D1_RAG_Lewis_2020.pdf""}, {""chunk_id"": 10, ""page"": 2, ""source"": ""./uploads/D1_RAG_Lewis_2020.pdf""}, {""chunk_id"": 20, ""page"": 3, ""source"": ""./uploads/D1_RAG_Lewis_2020.pdf""}]","{""detailed_sources"": [{""chunk_id"": 16, ""page"": 2, ""source"": ""./uploads/D1_RAG_Lewis_2020.pdf""}, {""chunk_id"": 10, ""page"": 2, ""source"": ""./uploads/D1_RAG_Lewis_2020.pdf""}, {""chunk_id"": 20, ""page"": 3, ""source"": ""./uploads/D1_RAG_Lewis_2020.pdf""}], ""files"": [""./uploads/D1_RAG_Lewis_2020.pdf""]}"
C2,Q8,Q007,3,"[{""chunk_id"": 14, ""page"": 2, ""source"": ""./uploads/D1_RAG_Lewis_2020.pdf""}, {""chunk_id"": 1, ""page"": 1, ""source"": ""./uploads/D1_RAG_Lewis_2020.pdf""}, {""chunk_id"": 387, ""page"": 31, ""source"": ""./uploads/D3_NIST_AI_RMF_1_0.pdf""}]","{""detailed_sources"": [{""chunk_id"": 14, ""page"": 2, ""source"": ""./uploads/D1_RAG_Lewis_2020.pdf""}, {""chunk_id"": 1, ""page"": 1, ""source"": ""./uploads/D1_RAG_Lewis_2020.pdf""}, {""chunk_id"": 387, ""page"": 31, ""source"": ""./uploads/D3_NIST_AI_RMF_1_0.pdf""}], ""files"": [""./uploads/D3_NIST_AI_RMF_1_0.pdf"", ""./uploads/D1_RAG_Lewis_2020.pdf""]}"
C2,Q8,Q008,3,"[{""chunk_id"": 0, ""page"": 1, ""source"": ""./uploads/D1_RAG_Lewis_2020.pdf""}, {""chunk_id"": 79, ""page"": 9, ""source"": ""./uploads/D1_RAG_Lewis_2020.pdf""}, {""chunk_id"": 78, ""page"": 9, ""source"": ""./uploads/D1_RAG_Lewis_2020.pdf""}]","{""detailed_sources"": [{""chunk_id"": 0, ""page"": 1, ""source"": ""./uploads/D1_RAG_Lewis_2020.pdf""}, {""chunk_id"": 79, ""page"": 9, ""source"": ""./uploads/D1_RAG_Lewis_2020.pdf""}, {""chunk_id"": 78, ""page"": 9, ""source"": ""./uploads/D1_RAG_Lewis_2020.pdf""}], ""files"": [""./uploads/D1_RAG_Lewis_2020.pdf""]}"
C2,Q8,Q009,3,"[{""chunk_id"": 44, ""page"": 5, ""source"": ""./uploads/D1_RAG_Lewis_2020.pdf""}, {""chunk_id"": 584, ""page"": 13, ""source"": ""./uploads/D4_ICO_AI_Data_Protection_Guidance.pdf""}, {""chunk_id"": 570, ""page"": 11, ""source"": ""./uploads/D4_ICO_AI_Data_Protection_Guidance.pdf""}]","{""detailed_sources"": [{""chunk_id"": 44, ""page"": 5, ""source"": ""./uploads/D1_RAG_Lewis_2020.pdf""}, {""chunk_id"": 584, ""page"": 13, ""source"": ""./uploads/D4_ICO_AI_Data_Protection_Guidance.pdf""}, {""chunk_id"": 570, ""page"": 11, ""source"": ""./uploads/D4_ICO_AI_Data_Protection_Guidance.pdf""}], ""files"": [""./uploads/D1_RAG_Lewis_2020.pdf"", ""./uploads/D4_ICO_AI_Data_Protection_Guidance.pdf""]}"
C2,Q8,Q010,3,"[{""chunk_id"": 65, ""page"": 7, ""source"": ""./uploads/D1_RAG_Lewis_2020.pdf""}, {""chunk_id"": 53, ""page"": 6, ""source"": ""./uploads/D1_RAG_Lewis_2020.pdf""}, {""chunk_id"": 59, ""page"": 7, ""source"": ""./uploads/D1_RAG_Lewis_2020.pdf""}]","{""detailed_sources"": [{""chunk_id"": 65, ""page"": 7, ""source"": ""./uploads/D1_RAG_Lewis_2020.pdf""}, {""chunk_id"": 53, ""page"": 6, ""source"": ""./uploads/D1_RAG_Lewis_2020.pdf""}, {""chunk_id"": 59, ""page"": 7, ""source"": ""./uploads/D1_RAG_Lewis_2020.pdf""}], ""files"": [""./uploads/D1_RAG_Lewis_2020.pdf""]}"
C2,Q8,Q011,3,"[{""chunk_id"": 174, ""page"": 2, ""source"": ""./uploads/D2_llama_cpp_README.pdf""}, {""chunk_id"": 171, ""page"": 1, ""source"": ""./uploads/D2_llama_cpp_README.pdf""}, {""chunk_id"": 196, ""page"": 9, ""source"": ""./uploads/D2_llama_cpp_README.pdf""}]","{""detailed_sources"": [{""chunk_id"": 174, ""page"": 2, ""source"": ""./uploads/D2_llama_cpp_README.pdf""}, {""chunk_id"": 171, ""page"": 1, ""source"": ""./uploads/D2_llama_cpp_README.pdf""}, {""chunk_id"": 196, ""page"": 9, ""source"": ""./uploads/D2_llama_cpp_README.pdf""}], ""files"": [""./uploads/D2_llama_cpp_README.pdf""]}"
C2,Q8,Q012,3,"[{""chunk_id"": 174, ""page"": 2, ""source"": ""./uploads/D2_llama_cpp_README.pdf""}, {""chunk_id"": 171, ""page"": 1, ""source"": ""./uploads/D2_llama_cpp_README.pdf""}, {""chunk_id"": 196, ""page"": 9, ""source"": ""./uploads/D2_llama_cpp_README.pdf""}]","{""detailed_sources"": [{""chunk_id"": 174, ""page"": 2, ""source"": ""./uploads/D2_llama_cpp_README.pdf""}, {""chunk_id"": 171, ""page"": 1, ""source"": ""./uploads/D2_llama_cpp_README.pdf""}, {""chunk_id"": 196, ""page"": 9, ""source"": ""./uploads/D2_llama_cpp_README.pdf""}], ""files"": [""./uploads/D2_llama_cpp_README.pdf""]}"
C2,Q8,Q013,3,"[{""chunk_id"": 202, ""page"": 11, ""source"": ""./uploads/D2_llama_cpp_README.pdf""}, {""chunk_id"": 174, ""page"": 2, ""source"": ""./uploads/D2_llama_cpp_README.pdf""}, {""chunk_id"": 193, ""page"": 9, ""source"": ""./uploads/D2_llama_cpp_README.pdf""}]","{""detailed_sources"": [{""chunk_id"": 202, ""page"": 11, ""source"": ""./uploads/D2_llama_cpp_README.pdf""}, {""chunk_id"": 174, ""page"": 2, ""source"": ""./uploads/D2_llama_cpp_README.pdf""}, {""chunk_id"": 193, ""page"": 9, ""source"": ""./uploads/D2_llama_cpp_README.pdf""}], ""files"": [""./uploads/D2_llama_cpp_README.pdf""]}"
C2,Q8,Q014,3,"[{""chunk_id"": 176, ""page"": 2, ""source"": ""./uploads/D2_llama_cpp_README.pdf""}, {""chunk_id"": 175, ""page"": 2, ""source"": ""./uploads/D2_llama_cpp_README.pdf""}, {""chunk_id"": 5, ""page"": 1, ""source"": ""./uploads/D1_RAG_Lewis_2020.pdf""}]","{""detailed_sources"": [{""chunk_id"": 176, ""page"": 2, ""source"": ""./uploads/D2_llama_cpp_README.pdf""}, {""chunk_id"": 175, ""page"": 2, ""source"": ""./uploads/D2_llama_cpp_README.pdf""}, {""chunk_id"": 5, ""page"": 1, ""source"": ""./uploads/D1_RAG_Lewis_2020.pdf""}], ""files"": [""./uploads/D2_llama_cpp_README.pdf"", ""./uploads/D1_RAG_Lewis_2020.pdf""]}"
C2,Q8,Q015,3,"[{""chunk_id"": 174, ""page"": 2, ""source"": ""./uploads/D2_llama_cpp_README.pdf""}, {""chunk_id"": 201, ""page"": 11, ""source"": ""./uploads/D2_llama_cpp_README.pdf""}, {""chunk_id"": 194, ""page"": 9, ""source"": ""./uploads/D2_llama_cpp_README.pdf""}]","{""detailed_sources"": [{""chunk_id"": 174, ""page"": 2, ""source"": ""./uploads/D2_llama_cpp_README.pdf""}, {""chunk_id"": 201, ""page"": 11, ""source"": ""./uploads/D2_llama_cpp_README.pdf""}, {""chunk_id"": 194, ""page"": 9, ""source"": ""./uploads/D2_llama_cpp_README.pdf""}], ""files"": [""./uploads/D2_llama_cpp_README.pdf""]}"
C2,Q8,Q016,3,"[{""chunk_id"": 618, ""page"": 16, ""source"": ""./uploads/D4_ICO_AI_Data_Protection_Guidance.pdf""}, {""chunk_id"": 189, ""page"": 8, ""source"": ""./uploads/D2_llama_cpp_README.pdf""}, {""chunk_id"": 619, ""page"": 16, ""source"": ""./uploads/D4_ICO_AI_Data_Protection_Guidance.pdf""}]","{""detailed_sources"": [{""chunk_id"": 618, ""page"": 16, ""source"": ""./uploads/D4_ICO_AI_Data_Protection_Guidance.pdf""}, {""chunk_id"": 189, ""page"": 8, ""source"": ""./uploads/D2_llama_cpp_README.pdf""}, {""chunk_id"": 619, ""page"": 16, ""source"": ""./uploads/D4_ICO_AI_Data_Protection_Guidance.pdf""}], ""files"": [""./uploads/D2_llama_cpp_README.pdf"", ""./uploads/D4_ICO_AI_Data_Protection_Guidance.pdf""]}"
C2,Q8,Q017,3,"[{""chunk_id"": 192, ""page"": 9, ""source"": ""./uploads/D2_llama_cpp_README.pdf""}, {""chunk_id"": 174, ""page"": 2, ""source"": ""./uploads/D2_llama_cpp_README.pdf""}, {""chunk_id"": 173, ""page"": 1, ""source"": ""./uploads/D2_llama_cpp_README.pdf""}]","{""detailed_sources"": [{""chunk_id"": 192, ""page"": 9, ""source"": ""./uploads/D2_llama_cpp_README.pdf""}, {""chunk_id"": 174, ""page"": 2, ""source"": ""./uploads/D2_llama_cpp_README.pdf""}, {""chunk_id"": 173, ""page"": 1, ""source"": ""./uploads/D2_llama_cpp_README.pdf""}], ""files"": [""./uploads/D2_llama_cpp_README.pdf""]}"
C2,Q8,Q018,3,"[{""chunk_id"": 707, ""page"": 25, ""source"": ""./uploads/D4_ICO_AI_Data_Protection_Guidance.pdf""}, {""chunk_id"": 706, ""page"": 25, ""source"": ""./uploads/D4_ICO_AI_Data_Protection_Guidance.pdf""}, {""chunk_id"": 637, ""page"": 18, ""source"": ""./uploads/D4_ICO_AI_Data_Protection_Guidance.pdf""}]","{""detailed_sources"": [{""chunk_id"": 707, ""page"": 25, ""source"": ""./uploads/D4_ICO_AI_Data_Protection_Guidance.pdf""}, {""chunk_id"": 706, ""page"": 25, ""source"": ""./uploads/D4_ICO_AI_Data_Protection_Guidance.pdf""}, {""chunk_id"": 637, ""page"": 18, ""source"": ""./uploads/D4_ICO_AI_Data_Protection_Guidance.pdf""}], ""files"": [""./uploads/D4_ICO_AI_Data_Protection_Guidance.pdf""]}"
C2,Q8,Q019,3,"[{""chunk_id"": 205, ""page"": 13, ""source"": ""./uploads/D2_llama_cpp_README.pdf""}, {""chunk_id"": 73, ""page"": 8, ""source"": ""./uploads/D1_RAG_Lewis_2020.pdf""}, {""chunk_id"": 72, ""page"": 8, ""source"": ""./uploads/D1_RAG_Lewis_2020.pdf""}]","{""detailed_sources"": [{""chunk_id"": 205, ""page"": 13, ""source"": ""./uploads/D2_llama_cpp_README.pdf""}, {""chunk_id"": 73, ""page"": 8, ""source"": ""./uploads/D1_RAG_Lewis_2020.pdf""}, {""chunk_id"": 72, ""page"": 8, ""source"": ""./uploads/D1_RAG_Lewis_2020.pdf""}], ""files"": [""./uploads/D2_llama_cpp_README.pdf"", ""./uploads/D1_RAG_Lewis_2020.pdf""]}"
C2,Q8,Q020,3,"[{""chunk_id"": 175, ""page"": 2, ""source"": ""./uploads/D2_llama_cpp_README.pdf""}, {""chunk_id"": 709, ""page"": 25, ""source"": ""./uploads/D4_ICO_AI_Data_Protection_Guidance.pdf""}, {""chunk_id"": 690, ""page"": 23, ""source"": ""./uploads/D4_ICO_AI_Data_Protection_Guidance.pdf""}]","{""detailed_sources"": [{""chunk_id"": 175, ""page"": 2, ""source"": ""./uploads/D2_llama_cpp_README.pdf""}, {""chunk_id"": 709, ""page"": 25, ""source"": ""./uploads/D4_ICO_AI_Data_Protection_Guidance.pdf""}, {""chunk_id"": 690, ""page"": 23, ""source"": ""./uploads/D4_ICO_AI_Data_Protection_Guidance.pdf""}], ""files"": [""./uploads/D2_llama_cpp_README.pdf"", ""./uploads/D4_ICO_AI_Data_Protection_Guidance.pdf""]}"
C2,Q8,Q021,3,"[{""chunk_id"": 248, ""page"": 9, ""source"": ""./uploads/D3_NIST_AI_RMF_1_0.pdf""}, {""chunk_id"": 344, ""page"": 24, ""source"": ""./uploads/D3_NIST_AI_RMF_1_0.pdf""}, {""chunk_id"": 243, ""page"": 8, ""source"": ""./uploads/D3_NIST_AI_RMF_1_0.pdf""}]","{""detailed_sources"": [{""chunk_id"": 248, ""page"": 9, ""source"": ""./uploads/D3_NIST_AI_RMF_1_0.pdf""}, {""chunk_id"": 344, ""page"": 24, ""source"": ""./uploads/D3_NIST_AI_RMF_1_0.pdf""}, {""chunk_id"": 243, ""page"": 8, ""source"": ""./uploads/D3_NIST_AI_RMF_1_0.pdf""}], ""files"": [""./uploads/D3_NIST_AI_RMF_1_0.pdf""]}"
C2,Q8,Q022,3,"[{""chunk_id"": 416, ""page"": 36, ""source"": ""./uploads/D3_NIST_AI_RMF_1_0.pdf""}, {""chunk_id"": 258, ""page"": 10, ""source"": ""./uploads/D3_NIST_AI_RMF_1_0.pdf""}, {""chunk_id"": 275, ""page"": 13, ""source"": ""./uploads/D3_NIST_AI_RMF_1_0.pdf""}]","{""detailed_sources"": [{""chunk_id"": 416, ""page"": 36, ""source"": ""./uploads/D3_NIST_AI_RMF_1_0.pdf""}, {""chunk_id"": 258, ""page"": 10, ""source"": ""./uploads/D3_NIST_AI_RMF_1_0.pdf""}, {""chunk_id"": 275, ""page"": 13, ""source"": ""./uploads/D3_NIST_AI_RMF_1_0.pdf""}], ""files"": [""./uploads/D3_NIST_AI_RMF_1_0.pdf""]}"
C2,Q8,Q023,3,"[{""chunk_id"": 298, ""page"": 17, ""source"": ""./uploads/D3_NIST_AI_RMF_1_0.pdf""}, {""chunk_id"": 304, ""page"": 18, ""source"": ""./uploads/D3_NIST_AI_RMF_1_0.pdf""}, {""chunk_id"": 299, ""page"": 17, ""source"": ""./uploads/D3_NIST_AI_RMF_1_0.pdf""}]","{""detailed_sources"": [{""chunk_id"": 298, ""page"": 17, ""source"": ""./uploads/D3_NIST_AI_RMF_1_0.pdf""}, {""chunk_id"": 304, ""page"": 18, ""source"": ""./uploads/D3_NIST_AI_RMF_1_0.pdf""}, {""chunk_id"": 299, ""page"": 17, ""source"": ""./uploads/D3_NIST_AI_RMF_1_0.pdf""}], ""files"": [""./uploads/D3_NIST_AI_RMF_1_0.pdf""]}"
C2,Q8,Q024,3,"[{""chunk_id"": 482, ""page"": 47, ""source"": ""./uploads/D3_NIST_AI_RMF_1_0.pdf""}, {""chunk_id"": 415, ""page"": 36, ""source"": ""./uploads/D3_NIST_AI_RMF_1_0.pdf""}, {""chunk_id"": 410, ""page"": 35, ""source"": ""./uploads/D3_NIST_AI_RMF_1_0.pdf""}]","{""detailed_sources"": [{""chunk_id"": 482, ""page"": 47, ""source"": ""./uploads/D3_NIST_AI_RMF_1_0.pdf""}, {""chunk_id"": 415, ""page"": 36, ""source"": ""./uploads/D3_NIST_AI_RMF_1_0.pdf""}, {""chunk_id"": 410, ""page"": 35, ""source"": ""./uploads/D3_NIST_AI_RMF_1_0.pdf""}], ""files"": [""./uploads/D3_NIST_AI_RMF_1_0.pdf""]}"
C2,Q8,Q025,3,"[{""chunk_id"": 250, ""page"": 9, ""source"": ""./uploads/D3_NIST_AI_RMF_1_0.pdf""}, {""chunk_id"": 268, ""page"": 12, ""source"": ""./uploads/D3_NIST_AI_RMF_1_0.pdf""}, {""chunk_id"": 270, ""page"": 12, ""source"": ""./uploads/D3_NIST_AI_RMF_1_0.pdf""}]","{""detailed_sources"": [{""chunk_id"": 250, ""page"": 9, ""source"": ""./uploads/D3_NIST_AI_RMF_1_0.pdf""}, {""chunk_id"": 268, ""page"": 12, ""source"": ""./uploads/D3_NIST_AI_RMF_1_0.pdf""}, {""chunk_id"": 270, ""page"": 12, ""source"": ""./uploads/D3_NIST_AI_RMF_1_0.pdf""}], ""files"": [""./uploads/D3_NIST_AI_RMF_1_0.pdf""]}"
C2,Q8,Q026,3,"[{""chunk_id"": 462, ""page"": 44, ""source"": ""./uploads/D3_NIST_AI_RMF_1_0.pdf""}, {""chunk_id"": 240, ""page"": 7, ""source"": ""./uploads/D3_NIST_AI_RMF_1_0.pdf""}, {""chunk_id"": 481, ""page"": 47, ""source"": ""./uploads/D3_NIST_AI_RMF_1_0.pdf""}]","{""detailed_sources"": [{""chunk_id"": 462, ""page"": 44, ""source"": ""./uploads/D3_NIST_AI_RMF_1_0.pdf""}, {""chunk_id"": 240, ""page"": 7, ""source"": ""./uploads/D3_NIST_AI_RMF_1_0.pdf""}, {""chunk_id"": 481, ""page"": 47, ""source"": ""./uploads/D3_NIST_AI_RMF_1_0.pdf""}], ""files"": [""./uploads/D3_NIST_AI_RMF_1_0.pdf""]}"
C2,Q8,Q027,3,"[{""chunk_id"": 380, ""page"": 30, ""source"": ""./uploads/D3_NIST_AI_RMF_1_0.pdf""}, {""chunk_id"": 254, ""page"": 9, ""source"": ""./uploads/D3_NIST_AI_RMF_1_0.pdf""}, {""chunk_id"": 375, ""page"": 29, ""source"": ""./uploads/D3_NIST_AI_RMF_1_0.pdf""}]","{""detailed_sources"": [{""chunk_id"": 380, ""page"": 30, ""source"": ""./uploads/D3_NIST_AI_RMF_1_0.pdf""}, {""chunk_id"": 254, ""page"": 9, ""source"": ""./uploads/D3_NIST_AI_RMF_1_0.pdf""}, {""chunk_id"": 375, ""page"": 29, ""source"": ""./uploads/D3_NIST_AI_RMF_1_0.pdf""}], ""files"": [""./uploads/D3_NIST_AI_RMF_1_0.pdf""]}"
C2,Q8,Q028,3,"[{""chunk_id"": 273, ""page"": 12, ""source"": ""./uploads/D3_NIST_AI_RMF_1_0.pdf""}, {""chunk_id"": 259, ""page"": 10, ""source"": ""./uploads/D3_NIST_AI_RMF_1_0.pdf""}, {""chunk_id"": 264, ""page"": 11, ""source"": ""./uploads/D3_NIST_AI_RMF_1_0.pdf""}]","{""detailed_sources"": [{""chunk_id"": 273, ""page"": 12, ""source"": ""./uploads/D3_NIST_AI_RMF_1_0.pdf""}, {""chunk_id"": 259, ""page"": 10, ""source"": ""./uploads/D3_NIST_AI_RMF_1_0.pdf""}, {""chunk_id"": 264, ""page"": 11, ""source"": ""./uploads/D3_NIST_AI_RMF_1_0.pdf""}], ""files"": [""./uploads/D3_NIST_AI_RMF_1_0.pdf""]}"
C2,Q8,Q029,3,"[{""chunk_id"": 226, ""page"": 5, ""source"": ""./uploads/D3_NIST_AI_RMF_1_0.pdf""}, {""chunk_id"": 379, ""page"": 30, ""source"": ""./uploads/D3_NIST_AI_RMF_1_0.pdf""}, {""chunk_id"": 359, ""page"": 27, ""source"": ""./uploads/D3_NIST_AI_RMF_1_0.pdf""}]","{""detailed_sources"": [{""chunk_id"": 226, ""page"": 5, ""source"": ""./uploads/D3_NIST_AI_RMF_1_0.pdf""}, {""chunk_id"": 379, ""page"": 30, ""source"": ""./uploads/D3_NIST_AI_RMF_1_0.pdf""}, {""chunk_id"": 359, ""page"": 27, ""source"": ""./uploads/D3_NIST_AI_RMF_1_0.pdf""}], ""files"": [""./uploads/D3_NIST_AI_RMF_1_0.pdf""]}"
C2,Q8,Q030,3,"[{""chunk_id"": 593, ""page"": 14, ""source"": ""./uploads/D4_ICO_AI_Data_Protection_Guidance.pdf""}, {""chunk_id"": 491, ""page"": 1, ""source"": ""./uploads/D4_ICO_AI_Data_Protection_Guidance.pdf""}, {""chunk_id"": 600, ""page"": 14, ""source"": ""./uploads/D4_ICO_AI_Data_Protection_Guidance.pdf""}]","{""detailed_sources"": [{""chunk_id"": 593, ""page"": 14, ""source"": ""./uploads/D4_ICO_AI_Data_Protection_Guidance.pdf""}, {""chunk_id"": 491, ""page"": 1, ""source"": ""./uploads/D4_ICO_AI_Data_Protection_Guidance.pdf""}, {""chunk_id"": 600, ""page"": 14, ""source"": ""./uploads/D4_ICO_AI_Data_Protection_Guidance.pdf""}], ""files"": [""./uploads/D4_ICO_AI_Data_Protection_Guidance.pdf""]}"
C2,Q8,Q031,3,"[{""chunk_id"": 504, ""page"": 3, ""source"": ""./uploads/D4_ICO_AI_Data_Protection_Guidance.pdf""}, {""chunk_id"": 505, ""page"": 3, ""source"": ""./uploads/D4_ICO_AI_Data_Protection_Guidance.pdf""}, {""chunk_id"": 323, ""page"": 20, ""source"": ""./uploads/D3_NIST_AI_RMF_1_0.pdf""}]","{""detailed_sources"": [{""chunk_id"": 504, ""page"": 3, ""source"": ""./uploads/D4_ICO_AI_Data_Protection_Guidance.pdf""}, {""chunk_id"": 505, ""page"": 3, ""source"": ""./uploads/D4_ICO_AI_Data_Protection_Guidance.pdf""}, {""chunk_id"": 323, ""page"": 20, ""source"": ""./uploads/D3_NIST_AI_RMF_1_0.pdf""}], ""files"": [""./uploads/D3_NIST_AI_RMF_1_0.pdf"", ""./uploads/D4_ICO_AI_Data_Protection_Guidance.pdf""]}"
C2,Q8,Q032,3,"[{""chunk_id"": 508, ""page"": 4, ""source"": ""./uploads/D4_ICO_AI_Data_Protection_Guidance.pdf""}, {""chunk_id"": 566, ""page"": 11, ""source"": ""./uploads/D4_ICO_AI_Data_Protection_Guidance.pdf""}, {""chunk_id"": 534, ""page"": 7, ""source"": ""./uploads/D4_ICO_AI_Data_Protection_Guidance.pdf""}]","{""detailed_sources"": [{""chunk_id"": 508, ""page"": 4, ""source"": ""./uploads/D4_ICO_AI_Data_Protection_Guidance.pdf""}, {""chunk_id"": 566, ""page"": 11, ""source"": ""./uploads/D4_ICO_AI_Data_Protection_Guidance.pdf""}, {""chunk_id"": 534, ""page"": 7, ""source"": ""./uploads/D4_ICO_AI_Data_Protection_Guidance.pdf""}], ""files"": [""./uploads/D4_ICO_AI_Data_Protection_Guidance.pdf""]}"
C2,Q8,Q033,3,"[{""chunk_id"": 567, ""page"": 11, ""source"": ""./uploads/D4_ICO_AI_Data_Protection_Guidance.pdf""}, {""chunk_id"": 568, ""page"": 11, ""source"": ""./uploads/D4_ICO_AI_Data_Protection_Guidance.pdf""}, {""chunk_id"": 574, ""page"": 12, ""source"": ""./uploads/D4_ICO_AI_Data_Protection_Guidance.pdf""}]","{""detailed_sources"": [{""chunk_id"": 567, ""page"": 11, ""source"": ""./uploads/D4_ICO_AI_Data_Protection_Guidance.pdf""}, {""chunk_id"": 568, ""page"": 11, ""source"": ""./uploads/D4_ICO_AI_Data_Protection_Guidance.pdf""}, {""chunk_id"": 574, ""page"": 12, ""source"": ""./uploads/D4_ICO_AI_Data_Protection_Guidance.pdf""}], ""files"": [""./uploads/D4_ICO_AI_Data_Protection_Guidance.pdf""]}"
C2,Q8,Q034,3,"[{""chunk_id"": 600, ""page"": 14, ""source"": ""./uploads/D4_ICO_AI_Data_Protection_Guidance.pdf""}, {""chunk_id"": 602, ""page"": 15, ""source"": ""./uploads/D4_ICO_AI_Data_Protection_Guidance.pdf""}, {""chunk_id"": 599, ""page"": 14, ""source"": ""./uploads/D4_ICO_AI_Data_Protection_Guidance.pdf""}]","{""detailed_sources"": [{""chunk_id"": 600, ""page"": 14, ""source"": ""./uploads/D4_ICO_AI_Data_Protection_Guidance.pdf""}, {""chunk_id"": 602, ""page"": 15, ""source"": ""./uploads/D4_ICO_AI_Data_Protection_Guidance.pdf""}, {""chunk_id"": 599, ""page"": 14, ""source"": ""./uploads/D4_ICO_AI_Data_Protection_Guidance.pdf""}], ""files"": [""./uploads/D4_ICO_AI_Data_Protection_Guidance.pdf""]}"
C2,Q8,Q035,3,"[{""chunk_id"": 653, ""page"": 20, ""source"": ""./uploads/D4_ICO_AI_Data_Protection_Guidance.pdf""}, {""chunk_id"": 651, ""page"": 20, ""source"": ""./uploads/D4_ICO_AI_Data_Protection_Guidance.pdf""}, {""chunk_id"": 654, ""page"": 20, ""source"": ""./uploads/D4_ICO_AI_Data_Protection_Guidance.pdf""}]","{""detailed_sources"": [{""chunk_id"": 653, ""page"": 20, ""source"": ""./uploads/D4_ICO_AI_Data_Protection_Guidance.pdf""}, {""chunk_id"": 651, ""page"": 20, ""source"": ""./uploads/D4_ICO_AI_Data_Protection_Guidance.pdf""}, {""chunk_id"": 654, ""page"": 20, ""source"": ""./uploads/D4_ICO_AI_Data_Protection_Guidance.pdf""}], ""files"": [""./uploads/D4_ICO_AI_Data_Protection_Guidance.pdf""]}"
C2,Q8,Q036,3,"[{""chunk_id"": 654, ""page"": 20, ""source"": ""./uploads/D4_ICO_AI_Data_Protection_Guidance.pdf""}, {""chunk_id"": 711, ""page"": 26, ""source"": ""./uploads/D4_ICO_AI_Data_Protection_Guidance.pdf""}, {""chunk_id"": 625, ""page"": 17, ""source"": ""./uploads/D4_ICO_AI_Data_Protection_Guidance.pdf""}]","{""detailed_sources"": [{""chunk_id"": 654, ""page"": 20, ""source"": ""./uploads/D4_ICO_AI_Data_Protection_Guidance.pdf""}, {""chunk_id"": 711, ""page"": 26, ""source"": ""./uploads/D4_ICO_AI_Data_Protection_Guidance.pdf""}, {""chunk_id"": 625, ""page"": 17, ""source"": ""./uploads/D4_ICO_AI_Data_Protection_Guidance.pdf""}], ""files"": [""./uploads/D4_ICO_AI_Data_Protection_Guidance.pdf""]}"
C2,Q8,Q037,3,"[{""chunk_id"": 543, ""page"": 8, ""source"": ""./uploads/D4_ICO_AI_Data_Protection_Guidance.pdf""}, {""chunk_id"": 541, ""page"": 8, ""source"": ""./uploads/D4_ICO_AI_Data_Protection_Guidance.pdf""}, {""chunk_id"": 555, ""page"": 10, ""source"": ""./uploads/D4_ICO_AI_Data_Protection_Guidance.pdf""}]","{""detailed_sources"": [{""chunk_id"": 543, ""page"": 8, ""source"": ""./uploads/D4_ICO_AI_Data_Protection_Guidance.pdf""}, {""chunk_id"": 541, ""page"": 8, ""source"": ""./uploads/D4_ICO_AI_Data_Protection_Guidance.pdf""}, {""chunk_id"": 555, ""page"": 10, ""source"": ""./uploads/D4_ICO_AI_Data_Protection_Guidance.pdf""}], ""files"": [""./uploads/D4_ICO_AI_Data_Protection_Guidance.pdf""]}"
C2,Q8,Q038,3,"[{""chunk_id"": 50, ""page"": 6, ""source"": ""./uploads/D1_RAG_Lewis_2020.pdf""}, {""chunk_id"": 33, ""page"": 4, ""source"": ""./uploads/D1_RAG_Lewis_2020.pdf""}, {""chunk_id"": 35, ""page"": 4, ""source"": ""./uploads/D1_RAG_Lewis_2020.pdf""}]","{""detailed_sources"": [{""chunk_id"": 50, ""page"": 6, ""source"": ""./uploads/D1_RAG_Lewis_2020.pdf""}, {""chunk_id"": 33, ""page"": 4, ""source"": ""./uploads/D1_RAG_Lewis_2020.pdf""}, {""chunk_id"": 35, ""page"": 4, ""source"": ""./uploads/D1_RAG_Lewis_2020.pdf""}], ""files"": [""./uploads/D1_RAG_Lewis_2020.pdf""]}"
C2,Q8,Q039,3,"[{""chunk_id"": 335, ""page"": 22, ""source"": ""./uploads/D3_NIST_AI_RMF_1_0.pdf""}, {""chunk_id"": 334, ""page"": 22, ""source"": ""./uploads/D3_NIST_AI_RMF_1_0.pdf""}, {""chunk_id"": 654, ""page"": 20, ""source"": ""./uploads/D4_ICO_AI_Data_Protection_Guidance.pdf""}]","{""detailed_sources"": [{""chunk_id"": 335, ""page"": 22, ""source"": ""./uploads/D3_NIST_AI_RMF_1_0.pdf""}, {""chunk_id"": 334, ""page"": 22, ""source"": ""./uploads/D3_NIST_AI_RMF_1_0.pdf""}, {""chunk_id"": 654, ""page"": 20, ""source"": ""./uploads/D4_ICO_AI_Data_Protection_Guidance.pdf""}], ""files"": [""./uploads/D3_NIST_AI_RMF_1_0.pdf"", ""./uploads/D4_ICO_AI_Data_Protection_Guidance.pdf""]}"
C2,Q8,Q040,3,"[{""chunk_id"": 41, ""page"": 5, ""source"": ""./uploads/D1_RAG_Lewis_2020.pdf""}, {""chunk_id"": 75, ""page"": 8, ""source"": ""./uploads/D1_RAG_Lewis_2020.pdf""}, {""chunk_id"": 160, ""page"": 18, ""source"": ""./uploads/D1_RAG_Lewis_2020.pdf""}]","{""detailed_sources"": [{""chunk_id"": 41, ""page"": 5, ""source"": ""./uploads/D1_RAG_Lewis_2020.pdf""}, {""chunk_id"": 75, ""page"": 8, ""source"": ""./uploads/D1_RAG_Lewis_2020.pdf""}, {""chunk_id"": 160, ""page"": 18, ""source"": ""./uploads/D1_RAG_Lewis_2020.pdf""}], ""files"": [""./uploads/D1_RAG_Lewis_2020.pdf""]}"
C3,K7,Q001,1,"[{""chunk_id"": 0, ""page"": 1, ""source"": ""./uploads/D1_RAG_Lewis_2020.pdf""}, {""chunk_id"": 148, ""page"": 17, ""source"": ""./uploads/D1_RAG_Lewis_2020.pdf""}, {""chunk_id"": 75, ""page"": 8, ""source"": ""./uploads/D1_RAG_Lewis_2020.pdf""}]","{""detailed_sources"": [{""chunk_id"": 0, ""page"": 1, ""source"": ""./uploads/D1_RAG_Lewis_2020.pdf""}, {""chunk_id"": 148, ""page"": 17, ""source"": ""./uploads/D1_RAG_Lewis_2020.pdf""}, {""chunk_id"": 75, ""page"": 8, ""source"": ""./uploads/D1_RAG_Lewis_2020.pdf""}], ""files"": [""./uploads/D1_RAG_Lewis_2020.pdf""]}"
C3,K7,Q002,1,"[{""chunk_id"": 2, ""page"": 1, ""source"": ""./uploads/D1_RAG_Lewis_2020.pdf""}, {""chunk_id"": 12, ""page"": 2, ""source"": ""./uploads/D1_RAG_Lewis_2020.pdf""}, {""chunk_id"": 84, ""page"": 9, ""source"": ""./uploads/D1_RAG_Lewis_2020.pdf""}]","{""detailed_sources"": [{""chunk_id"": 2, ""page"": 1, ""source"": ""./uploads/D1_RAG_Lewis_2020.pdf""}, {""chunk_id"": 12, ""page"": 2, ""source"": ""./uploads/D1_RAG_Lewis_2020.pdf""}, {""chunk_id"": 84, ""page"": 9, ""source"": ""./uploads/D1_RAG_Lewis_2020.pdf""}], ""files"": [""./uploads/D1_RAG_Lewis_2020.pdf""]}"
C3,K7,Q003,1,"[{""chunk_id"": 92, ""page"": 10, ""source"": ""./uploads/D1_RAG_Lewis_2020.pdf""}, {""chunk_id"": 75, ""page"": 8, ""source"": ""./uploads/D1_RAG_Lewis_2020.pdf""}, {""chunk_id"": 41, ""page"": 5, ""source"": ""./uploads/D1_RAG_Lewis_2020.pdf""}]","{""detailed_sources"": [{""chunk_id"": 92, ""page"": 10, ""source"": ""./uploads/D1_RAG_Lewis_2020.pdf""}, {""chunk_id"": 75, ""page"": 8, ""source"": ""./uploads/D1_RAG_Lewis_2020.pdf""}, {""chunk_id"": 41, ""page"": 5, ""source"": ""./uploads/D1_RAG_Lewis_2020.pdf""}], ""files"": [""./uploads/D1_RAG_Lewis_2020.pdf""]}"
C3,K7,Q004,1,"[{""chunk_id"": 46, ""page"": 5, ""source"": ""./uploads/D1_RAG_Lewis_2020.pdf""}, {""chunk_id"": 65, ""page"": 7, ""source"": ""./uploads/D1_RAG_Lewis_2020.pdf""}, {""chunk_id"": 21, ""page"": 3, ""source"": ""./uploads/D1_RAG_Lewis_2020.pdf""}]","{""detailed_sources"": [{""chunk_id"": 46, ""page"": 5, ""source"": ""./uploads/D1_RAG_Lewis_2020.pdf""}, {""chunk_id"": 65, ""page"": 7, ""source"": ""./uploads/D1_RAG_Lewis_2020.pdf""}, {""chunk_id"": 21, ""page"": 3, ""source"": ""./uploads/D1_RAG_Lewis_2020.pdf""}], ""files"": [""./uploads/D1_RAG_Lewis_2020.pdf""]}"
C3,K7,Q005,1,"[{""chunk_id"": 16, ""page"": 2, ""source"": ""./uploads/D1_RAG_Lewis_2020.pdf""}, {""chunk_id"": 5, ""page"": 1, ""source"": ""./uploads/D1_RAG_Lewis_2020.pdf""}, {""chunk_id"": 163, ""page"": 18, ""source"": ""./uploads/D1_RAG_Lewis_2020.pdf""}]","{""detailed_sources"": [{""chunk_id"": 16, ""page"": 2, ""source"": ""./uploads/D1_RAG_Lewis_2020.pdf""}, {""chunk_id"": 5, ""page"": 1, ""source"": ""./uploads/D1_RAG_Lewis_2020.pdf""}, {""chunk_id"": 163, ""page"": 18, ""source"": ""./uploads/D1_RAG_Lewis_2020.pdf""}], ""files"": [""./uploads/D1_RAG_Lewis_2020.pdf""]}"
C3,K7,Q006,1,"[{""chunk_id"": 16, ""page"": 2, ""source"": ""./uploads/D1_RAG_Lewis_2020.pdf""}, {""chunk_id"": 10, ""page"": 2, ""source"": ""./uploads/D1_RAG_Lewis_2020.pdf""}, {""chunk_id"": 20, ""page"": 3, ""source"": ""./uploads/D1_RAG_Lewis_2020.pdf""}]","{""detailed_sources"": [{""chunk_id"": 16, ""page"": 2, ""source"": ""./uploads/D1_RAG_Lewis_2020.pdf""}, {""chunk_id"": 10, ""page"": 2, ""source"": ""./uploads/D1_RAG_Lewis_2020.pdf""}, {""chunk_id"": 20, ""page"": 3, ""source"": ""./uploads/D1_RAG_Lewis_2020.pdf""}], ""files"": [""./uploads/D1_RAG_Lewis_2020.pdf""]}"
C3,K7,Q007,1,"[{""chunk_id"": 14, ""page"": 2, ""source"": ""./uploads/D1_RAG_Lewis_2020.pdf""}, {""chunk_id"": 1, ""page"": 1, ""source"": ""./uploads/D1_RAG_Lewis_2020.pdf""}, {""chunk_id"": 75, ""page"": 8, ""source"": ""./uploads/D1_RAG_Lewis_2020.pdf""}]","{""detailed_sources"": [{""chunk_id"": 14, ""page"": 2, ""source"": ""./uploads/D1_RAG_Lewis_2020.pdf""}, {""chunk_id"": 1, ""page"": 1, ""source"": ""./uploads/D1_RAG_Lewis_2020.pdf""}, {""chunk_id"": 75, ""page"": 8, ""source"": ""./uploads/D1_RAG_Lewis_2020.pdf""}], ""files"": [""./uploads/D1_RAG_Lewis_2020.pdf""]}"
C3,K7,Q008,1,"[{""chunk_id"": 0, ""page"": 1, ""source"": ""./uploads/D1_RAG_Lewis_2020.pdf""}, {""chunk_id"": 79, ""page"": 9, ""source"": ""./uploads/D1_RAG_Lewis_2020.pdf""}, {""chunk_id"": 456, ""page"": 43, ""source"": ""./uploads/D3_NIST_AI_RMF_1_0.pdf""}]","{""detailed_sources"": [{""chunk_id"": 0, ""page"": 1, ""source"": ""./uploads/D1_RAG_Lewis_2020.pdf""}, {""chunk_id"": 79, ""page"": 9, ""source"": ""./uploads/D1_RAG_Lewis_2020.pdf""}, {""chunk_id"": 456, ""page"": 43, ""source"": ""./uploads/D3_NIST_AI_RMF_1_0.pdf""}], ""files"": [""./uploads/D3_NIST_AI_RMF_1_0.pdf"", ""./uploads/D1_RAG_Lewis_2020.pdf""]}"
C3,K7,Q009,1,"[{""chunk_id"": 63, ""page"": 7, ""source"": ""./uploads/D1_RAG_Lewis_2020.pdf""}, {""chunk_id"": 44, ""page"": 5, ""source"": ""./uploads/D1_RAG_Lewis_2020.pdf""}, {""chunk_id"": 584, ""page"": 13, ""source"": ""./uploads/D4_ICO_AI_Data_Protection_Guidance.pdf""}]","{""detailed_sources"": [{""chunk_id"": 63, ""page"": 7, ""source"": ""./uploads/D1_RAG_Lewis_2020.pdf""}, {""chunk_id"": 44, ""page"": 5, ""source"": ""./uploads/D1_RAG_Lewis_2020.pdf""}, {""chunk_id"": 584, ""page"": 13, ""source"": ""./uploads/D4_ICO_AI_Data_Protection_Guidance.pdf""}], ""files"": [""./uploads/D4_ICO_AI_Data_Protection_Guidance.pdf"", ""./uploads/D1_RAG_Lewis_2020.pdf""]}"
C3,K7,Q010,1,"[{""chunk_id"": 65, ""page"": 7, ""source"": ""./uploads/D1_RAG_Lewis_2020.pdf""}, {""chunk_id"": 53, ""page"": 6, ""source"": ""./uploads/D1_RAG_Lewis_2020.pdf""}, {""chunk_id"": 59, ""page"": 7, ""source"": ""./uploads/D1_RAG_Lewis_2020.pdf""}]","{""detailed_sources"": [{""chunk_id"": 65, ""page"": 7, ""source"": ""./uploads/D1_RAG_Lewis_2020.pdf""}, {""chunk_id"": 53, ""page"": 6, ""source"": ""./uploads/D1_RAG_Lewis_2020.pdf""}, {""chunk_id"": 59, ""page"": 7, ""source"": ""./uploads/D1_RAG_Lewis_2020.pdf""}], ""files"": [""./uploads/D1_RAG_Lewis_2020.pdf""]}"
C3,K7,Q011,1,"[{""chunk_id"": 174, ""page"": 2, ""source"": ""./uploads/D2_llama_cpp_README.pdf""}, {""chunk_id"": 171, ""page"": 1, ""source"": ""./uploads/D2_llama_cpp_README.pdf""}, {""chunk_id"": 196, ""page"": 9, ""source"": ""./uploads/D2_llama_cpp_README.pdf""}]","{""detailed_sources"": [{""chunk_id"": 174, ""page"": 2, ""source"": ""./uploads/D2_llama_cpp_README.pdf""}, {""chunk_id"": 171, ""page"": 1, ""source"": ""./uploads/D2_llama_cpp_README.pdf""}, {""chunk_id"": 196, ""page"": 9, ""source"": ""./uploads/D2_llama_cpp_README.pdf""}], ""files"": [""./uploads/D2_llama_cpp_README.pdf""]}"
C3,K7,Q012,1,"[{""chunk_id"": 174, ""page"": 2, ""source"": ""./uploads/D2_llama_cpp_README.pdf""}, {""chunk_id"": 171, ""page"": 1, ""source"": ""./uploads/D2_llama_cpp_README.pdf""}, {""chunk_id"": 196, ""page"": 9, ""source"": ""./uploads/D2_llama_cpp_README.pdf""}]","{""detailed_sources"": [{""chunk_id"": 174, ""page"": 2, ""source"": ""./uploads/D2_llama_cpp_README.pdf""}, {""chunk_id"": 171, ""page"": 1, ""source"": ""./uploads/D2_llama_cpp_README.pdf""}, {""chunk_id"": 196, ""page"": 9, ""source"": ""./uploads/D2_llama_cpp_README.pdf""}], ""files"": [""./uploads/D2_llama_cpp_README.pdf""]}"
C3,K7,Q013,1,"[{""chunk_id"": 202, ""page"": 11, ""source"": ""./uploads/D2_llama_cpp_README.pdf""}, {""chunk_id"": 174, ""page"": 2, ""source"": ""./uploads/D2_llama_cpp_README.pdf""}, {""chunk_id"": 193, ""page"": 9, ""source"": ""./uploads/D2_llama_cpp_README.pdf""}]","{""detailed_sources"": [{""chunk_id"": 202, ""page"": 11, ""source"": ""./uploads/D2_llama_cpp_README.pdf""}, {""chunk_id"": 174, ""page"": 2, ""source"": ""./uploads/D2_llama_cpp_README.pdf""}, {""chunk_id"": 193, ""page"": 9, ""source"": ""./uploads/D2_llama_cpp_README.pdf""}], ""files"": [""./uploads/D2_llama_cpp_README.pdf""]}"
C3,K7,Q014,1,"[{""chunk_id"": 176, ""page"": 2, ""source"": ""./uploads/D2_llama_cpp_README.pdf""}, {""chunk_id"": 175, ""page"": 2, ""source"": ""./uploads/D2_llama_cpp_README.pdf""}, {""chunk_id"": 167, ""page"": 19, ""source"": ""./uploads/D1_RAG_Lewis_2020.pdf""}]","{""detailed_sources"": [{""chunk_id"": 176, ""page"": 2, ""source"": ""./uploads/D2_llama_cpp_README.pdf""}, {""chunk_id"": 175, ""page"": 2, ""source"": ""./uploads/D2_llama_cpp_README.pdf""}, {""chunk_id"": 167, ""page"": 19, ""source"": ""./uploads/D1_RAG_Lewis_2020.pdf""}], ""files"": [""./uploads/D1_RAG_Lewis_2020.pdf"", ""./uploads/D2_llama_cpp_README.pdf""]}"
C3,K7,Q015,1,"[{""chunk_id"": 174, ""page"": 2, ""source"": ""./uploads/D2_llama_cpp_README.pdf""}, {""chunk_id"": 201, ""page"": 11, ""source"": ""./uploads/D2_llama_cpp_README.pdf""}, {""chunk_id"": 194, ""page"": 9, ""source"": ""./uploads/D2_llama_cpp_README.pdf""}]","{""detailed_sources"": [{""chunk_id"": 174, ""page"": 2, ""source"": ""./uploads/D2_llama_cpp_README.pdf""}, {""chunk_id"": 201, ""page"": 11, ""source"": ""./uploads/D2_llama_cpp_README.pdf""}, {""chunk_id"": 194, ""page"": 9, ""source"": ""./uploads/D2_llama_cpp_README.pdf""}], ""files"": [""./uploads/D2_llama_cpp_README.pdf""]}"
C3,K7,Q016,1,"[{""chunk_id"": 201, ""page"": 11, ""source"": ""./uploads/D2_llama_cpp_README.pdf""}, {""chunk_id"": 174, ""page"": 2, ""source"": ""./uploads/D2_llama_cpp_README.pdf""}, {""chunk_id"": 618, ""page"": 16, ""source"": ""./uploads/D4_ICO_AI_Data_Protection_Guidance.pdf""}]","{""detailed_sources"": [{""chunk_id"": 201, ""page"": 11, ""source"": ""./uploads/D2_llama_cpp_README.pdf""}, {""chunk_id"": 174, ""page"": 2, ""source"": ""./uploads/D2_llama_cpp_README.pdf""}, {""chunk_id"": 618, ""page"": 16, ""source"": ""./uploads/D4_ICO_AI_Data_Protection_Guidance.pdf""}], ""files"": [""./uploads/D4_ICO_AI_Data_Protection_Guidance.pdf"", ""./uploads/D2_llama_cpp_README.pdf""]}"
C3,K7,Q017,1,"[{""chunk_id"": 192, ""page"": 9, ""source"": ""./uploads/D2_llama_cpp_README.pdf""}, {""chunk_id"": 174, ""page"": 2, ""source"": ""./uploads/D2_llama_cpp_README.pdf""}, {""chunk_id"": 173, ""page"": 1, ""source"": ""./uploads/D2_llama_cpp_README.pdf""}]","{""detailed_sources"": [{""chunk_id"": 192, ""page"": 9, ""source"": ""./uploads/D2_llama_cpp_README.pdf""}, {""chunk_id"": 174, ""page"": 2, ""source"": ""./uploads/D2_llama_cpp_README.pdf""}, {""chunk_id"": 173, ""page"": 1, ""source"": ""./uploads/D2_llama_cpp_README.pdf""}], ""files"": [""./uploads/D2_llama_cpp_README.pdf""]}"
C3,K7,Q018,1,"[{""chunk_id"": 707, ""page"": 25, ""source"": ""./uploads/D4_ICO_AI_Data_Protection_Guidance.pdf""}, {""chunk_id"": 637, ""page"": 18, ""source"": ""./uploads/D4_ICO_AI_Data_Protection_Guidance.pdf""}, {""chunk_id"": 638, ""page"": 18, ""source"": ""./uploads/D4_ICO_AI_Data_Protection_Guidance.pdf""}]","{""detailed_sources"": [{""chunk_id"": 707, ""page"": 25, ""source"": ""./uploads/D4_ICO_AI_Data_Protection_Guidance.pdf""}, {""chunk_id"": 637, ""page"": 18, ""source"": ""./uploads/D4_ICO_AI_Data_Protection_Guidance.pdf""}, {""chunk_id"": 638, ""page"": 18, ""source"": ""./uploads/D4_ICO_AI_Data_Protection_Guidance.pdf""}], ""files"": [""./uploads/D4_ICO_AI_Data_Protection_Guidance.pdf""]}"
C3,K7,Q019,1,"[{""chunk_id"": 205, ""page"": 13, ""source"": ""./uploads/D2_llama_cpp_README.pdf""}, {""chunk_id"": 73, ""page"": 8, ""source"": ""./uploads/D1_RAG_Lewis_2020.pdf""}, {""chunk_id"": 456, ""page"": 43, ""source"": ""./uploads/D3_NIST_AI_RMF_1_0.pdf""}]","{""detailed_sources"": [{""chunk_id"": 205, ""page"": 13, ""source"": ""./uploads/D2_llama_cpp_README.pdf""}, {""chunk_id"": 73, ""page"": 8, ""source"": ""./uploads/D1_RAG_Lewis_2020.pdf""}, {""chunk_id"": 456, ""page"": 43, ""source"": ""./uploads/D3_NIST_AI_RMF_1_0.pdf""}], ""files"": [""./uploads/D3_NIST_AI_RMF_1_0.pdf"", ""./uploads/D1_RAG_Lewis_2020.pdf"", ""./uploads/D2_llama_cpp_README.pdf""]}"
C3,K7,Q020,1,"[{""chunk_id"": 175, ""page"": 2, ""source"": ""./uploads/D2_llama_cpp_README.pdf""}, {""chunk_id"": 709, ""page"": 25, ""source"": ""./uploads/D4_ICO_AI_Data_Protection_Guidance.pdf""}, {""chunk_id"": 690, ""page"": 23, ""source"": ""./uploads/D4_ICO_AI_Data_Protection_Guidance.pdf""}]","{""detailed_sources"": [{""chunk_id"": 175, ""page"": 2, ""source"": ""./uploads/D2_llama_cpp_README.pdf""}, {""chunk_id"": 709, ""page"": 25, ""source"": ""./uploads/D4_ICO_AI_Data_Protection_Guidance.pdf""}, {""chunk_id"": 690, ""page"": 23, ""source"": ""./uploads/D4_ICO_AI_Data_Protection_Guidance.pdf""}], ""files"": [""./uploads/D4_ICO_AI_Data_Protection_Guidance.pdf"", ""./uploads/D2_llama_cpp_README.pdf""]}"
C3,K7,Q021,1,"[{""chunk_id"": 248, ""page"": 9, ""source"": ""./uploads/D3_NIST_AI_RMF_1_0.pdf""}, {""chunk_id"": 344, ""page"": 24, ""source"": ""./uploads/D3_NIST_AI_RMF_1_0.pdf""}, {""chunk_id"": 243, ""page"": 8, ""source"": ""./uploads/D3_NIST_AI_RMF_1_0.pdf""}]","{""detailed_sources"": [{""chunk_id"": 248, ""page"": 9, ""source"": ""./uploads/D3_NIST_AI_RMF_1_0.pdf""}, {""chunk_id"": 344, ""page"": 24, ""source"": ""./uploads/D3_NIST_AI_RMF_1_0.pdf""}, {""chunk_id"": 243, ""page"": 8, ""source"": ""./uploads/D3_NIST_AI_RMF_1_0.pdf""}], ""files"": [""./uploads/D3_NIST_AI_RMF_1_0.pdf""]}"
C3,K7,Q022,1,"[{""chunk_id"": 416, ""page"": 36, ""source"": ""./uploads/D3_NIST_AI_RMF_1_0.pdf""}, {""chunk_id"": 258, ""page"": 10, ""source"": ""./uploads/D3_NIST_AI_RMF_1_0.pdf""}, {""chunk_id"": 275, ""page"": 13, ""source"": ""./uploads/D3_NIST_AI_RMF_1_0.pdf""}]","{""detailed_sources"": [{""chunk_id"": 416, ""page"": 36, ""source"": ""./uploads/D3_NIST_AI_RMF_1_0.pdf""}, {""chunk_id"": 258, ""page"": 10, ""source"": ""./uploads/D3_NIST_AI_RMF_1_0.pdf""}, {""chunk_id"": 275, ""page"": 13, ""source"": ""./uploads/D3_NIST_AI_RMF_1_0.pdf""}], ""files"": [""./uploads/D3_NIST_AI_RMF_1_0.pdf""]}"
C3,K7,Q023,1,"[{""chunk_id"": 298, ""page"": 17, ""source"": ""./uploads/D3_NIST_AI_RMF_1_0.pdf""}, {""chunk_id"": 304, ""page"": 18, ""source"": ""./uploads/D3_NIST_AI_RMF_1_0.pdf""}, {""chunk_id"": 299, ""page"": 17, ""source"": ""./uploads/D3_NIST_AI_RMF_1_0.pdf""}]","{""detailed_sources"": [{""chunk_id"": 298, ""page"": 17, ""source"": ""./uploads/D3_NIST_AI_RMF_1_0.pdf""}, {""chunk_id"": 304, ""page"": 18, ""source"": ""./uploads/D3_NIST_AI_RMF_1_0.pdf""}, {""chunk_id"": 299, ""page"": 17, ""source"": ""./uploads/D3_NIST_AI_RMF_1_0.pdf""}], ""files"": [""./uploads/D3_NIST_AI_RMF_1_0.pdf""]}"
C3,K7,Q024,1,"[{""chunk_id"": 482, ""page"": 47, ""source"": ""./uploads/D3_NIST_AI_RMF_1_0.pdf""}, {""chunk_id"": 415, ""page"": 36, ""source"": ""./uploads/D3_NIST_AI_RMF_1_0.pdf""}, {""chunk_id"": 428, ""page"": 38, ""source"": ""./uploads/D3_NIST_AI_RMF_1_0.pdf""}]","{""detailed_sources"": [{""chunk_id"": 482, ""page"": 47, ""source"": ""./uploads/D3_NIST_AI_RMF_1_0.pdf""}, {""chunk_id"": 415, ""page"": 36, ""source"": ""./uploads/D3_NIST_AI_RMF_1_0.pdf""}, {""chunk_id"": 428, ""page"": 38, ""source"": ""./uploads/D3_NIST_AI_RMF_1_0.pdf""}], ""files"": [""./uploads/D3_NIST_AI_RMF_1_0.pdf""]}"
C3,K7,Q025,1,"[{""chunk_id"": 250, ""page"": 9, ""source"": ""./uploads/D3_NIST_AI_RMF_1_0.pdf""}, {""chunk_id"": 268, ""page"": 12, ""source"": ""./uploads/D3_NIST_AI_RMF_1_0.pdf""}, {""chunk_id"": 460, ""page"": 44, ""source"": ""./uploads/D3_NIST_AI_RMF_1_0.pdf""}]","{""detailed_sources"": [{""chunk_id"": 250, ""page"": 9, ""source"": ""./uploads/D3_NIST_AI_RMF_1_0.pdf""}, {""chunk_id"": 268, ""page"": 12, ""source"": ""./uploads/D3_NIST_AI_RMF_1_0.pdf""}, {""chunk_id"": 460, ""page"": 44, ""source"": ""./uploads/D3_NIST_AI_RMF_1_0.pdf""}], ""files"": [""./uploads/D3_NIST_AI_RMF_1_0.pdf""]}"
C3,K7,Q026,1,"[{""chunk_id"": 462, ""page"": 44, ""source"": ""./uploads/D3_NIST_AI_RMF_1_0.pdf""}, {""chunk_id"": 240, ""page"": 7, ""source"": ""./uploads/D3_NIST_AI_RMF_1_0.pdf""}, {""chunk_id"": 481, ""page"": 47, ""source"": ""./uploads/D3_NIST_AI_RMF_1_0.pdf""}]","{""detailed_sources"": [{""chunk_id"": 462, ""page"": 44, ""source"": ""./uploads/D3_NIST_AI_RMF_1_0.pdf""}, {""chunk_id"": 240, ""page"": 7, ""source"": ""./uploads/D3_NIST_AI_RMF_1_0.pdf""}, {""chunk_id"": 481, ""page"": 47, ""source"": ""./uploads/D3_NIST_AI_RMF_1_0.pdf""}], ""files"": [""./uploads/D3_NIST_AI_RMF_1_0.pdf""]}"
C3,K7,Q027,1,"[{""chunk_id"": 380, ""page"": 30, ""source"": ""./uploads/D3_NIST_AI_RMF_1_0.pdf""}, {""chunk_id"": 254, ""page"": 9, ""source"": ""./uploads/D3_NIST_AI_RMF_1_0.pdf""}, {""chunk_id"": 384, ""page"": 31, ""source"": ""./uploads/D3_NIST_AI_RMF_1_0.pdf""}]","{""detailed_sources"": [{""chunk_id"": 380, ""page"": 30, ""source"": ""./uploads/D3_NIST_AI_RMF_1_0.pdf""}, {""chunk_id"": 254, ""page"": 9, ""source"": ""./uploads/D3_NIST_AI_RMF_1_0.pdf""}, {""chunk_id"": 384, ""page"": 31, ""source"": ""./uploads/D3_NIST_AI_RMF_1_0.pdf""}], ""files"": [""./uploads/D3_NIST_AI_RMF_1_0.pdf""]}"
C3,K7,Q028,1,"[{""chunk_id"": 248, ""page"": 9, ""source"": ""./uploads/D3_NIST_AI_RMF_1_0.pdf""}, {""chunk_id"": 273, ""page"": 12, ""source"": ""./uploads/D3_NIST_AI_RMF_1_0.pdf""}, {""chunk_id"": 259, ""page"": 10, ""source"": ""./uploads/D3_NIST_AI_RMF_1_0.pdf""}]","{""detailed_sources"": [{""chunk_id"": 248, ""page"": 9, ""source"": ""./uploads/D3_NIST_AI_RMF_1_0.pdf""}, {""chunk_id"": 273, ""page"": 12, ""source"": ""./uploads/D3_NIST_AI_RMF_1_0.pdf""}, {""chunk_id"": 259, ""page"": 10, ""source"": ""./uploads/D3_NIST_AI_RMF_1_0.pdf""}], ""files"": [""./uploads/D3_NIST_AI_RMF_1_0.pdf""]}"
C3,K7,Q029,1,"[{""chunk_id"": 226, ""page"": 5, ""source"": ""./uploads/D3_NIST_AI_RMF_1_0.pdf""}, {""chunk_id"": 379, ""page"": 30, ""source"": ""./uploads/D3_NIST_AI_RMF_1_0.pdf""}, {""chunk_id"": 359, ""page"": 27, ""source"": ""./uploads/D3_NIST_AI_RMF_1_0.pdf""}]","{""detailed_sources"": [{""chunk_id"": 226, ""page"": 5, ""source"": ""./uploads/D3_NIST_AI_RMF_1_0.pdf""}, {""chunk_id"": 379, ""page"": 30, ""source"": ""./uploads/D3_NIST_AI_RMF_1_0.pdf""}, {""chunk_id"": 359, ""page"": 27, ""source"": ""./uploads/D3_NIST_AI_RMF_1_0.pdf""}], ""files"": [""./uploads/D3_NIST_AI_RMF_1_0.pdf""]}"
C3,K7,Q030,1,"[{""chunk_id"": 593, ""page"": 14, ""source"": ""./uploads/D4_ICO_AI_Data_Protection_Guidance.pdf""}, {""chunk_id"": 491, ""page"": 1, ""source"": ""./uploads/D4_ICO_AI_Data_Protection_Guidance.pdf""}, {""chunk_id"": 600, ""page"": 14, ""source"": ""./uploads/D4_ICO_AI_Data_Protection_Guidance.pdf""}]","{""detailed_sources"": [{""chunk_id"": 593, ""page"": 14, ""source"": ""./uploads/D4_ICO_AI_Data_Protection_Guidance.pdf""}, {""chunk_id"": 491, ""page"": 1, ""source"": ""./uploads/D4_ICO_AI_Data_Protection_Guidance.pdf""}, {""chunk_id"": 600, ""page"": 14, ""source"": ""./uploads/D4_ICO_AI_Data_Protection_Guidance.pdf""}], ""files"": [""./uploads/D4_ICO_AI_Data_Protection_Guidance.pdf""]}"
C3,K7,Q031,1,"[{""chunk_id"": 504, ""page"": 3, ""source"": ""./uploads/D4_ICO_AI_Data_Protection_Guidance.pdf""}, {""chunk_id"": 505, ""page"": 3, ""source"": ""./uploads/D4_ICO_AI_Data_Protection_Guidance.pdf""}, {""chunk_id"": 323, ""page"": 20, ""source"": ""./uploads/D3_NIST_AI_RMF_1_0.pdf""}]","{""detailed_sources"": [{""chunk_id"": 504, ""page"": 3, ""source"": ""./uploads/D4_ICO_AI_Data_Protection_Guidance.pdf""}, {""chunk_id"": 505, ""page"": 3, ""source"": ""./uploads/D4_ICO_AI_Data_Protection_Guidance.pdf""}, {""chunk_id"": 323, ""page"": 20, ""source"": ""./uploads/D3_NIST_AI_RMF_1_0.pdf""}], ""files"": [""./uploads/D3_NIST_AI_RMF_1_0.pdf"", ""./uploads/D4_ICO_AI_Data_Protection_Guidance.pdf""]}"
C3,K7,Q032,1,"[{""chunk_id"": 508, ""page"": 4, ""source"": ""./uploads/D4_ICO_AI_Data_Protection_Guidance.pdf""}, {""chunk_id"": 534, ""page"": 7, ""source"": ""./uploads/D4_ICO_AI_Data_Protection_Guidance.pdf""}, {""chunk_id"": 509, ""page"": 4, ""source"": ""./uploads/D4_ICO_AI_Data_Protection_Guidance.pdf""}]","{""detailed_sources"": [{""chunk_id"": 508, ""page"": 4, ""source"": ""./uploads/D4_ICO_AI_Data_Protection_Guidance.pdf""}, {""chunk_id"": 534, ""page"": 7, ""source"": ""./uploads/D4_ICO_AI_Data_Protection_Guidance.pdf""}, {""chunk_id"": 509, ""page"": 4, ""source"": ""./uploads/D4_ICO_AI_Data_Protection_Guidance.pdf""}], ""files"": [""./uploads/D4_ICO_AI_Data_Protection_Guidance.pdf""]}"
C3,K7,Q033,1,"[{""chunk_id"": 567, ""page"": 11, ""source"": ""./uploads/D4_ICO_AI_Data_Protection_Guidance.pdf""}, {""chunk_id"": 568, ""page"": 11, ""source"": ""./uploads/D4_ICO_AI_Data_Protection_Guidance.pdf""}, {""chunk_id"": 574, ""page"": 12, ""source"": ""./uploads/D4_ICO_AI_Data_Protection_Guidance.pdf""}]","{""detailed_sources"": [{""chunk_id"": 567, ""page"": 11, ""source"": ""./uploads/D4_ICO_AI_Data_Protection_Guidance.pdf""}, {""chunk_id"": 568, ""page"": 11, ""source"": ""./uploads/D4_ICO_AI_Data_Protection_Guidance.pdf""}, {""chunk_id"": 574, ""page"": 12, ""source"": ""./uploads/D4_ICO_AI_Data_Protection_Guidance.pdf""}], ""files"": [""./uploads/D4_ICO_AI_Data_Protection_Guidance.pdf""]}"
C3,K7,Q034,1,"[{""chunk_id"": 600, ""page"": 14, ""source"": ""./uploads/D4_ICO_AI_Data_Protection_Guidance.pdf""}, {""chunk_id"": 602, ""page"": 15, ""source"": ""./uploads/D4_ICO_AI_Data_Protection_Guidance.pdf""}, {""chunk_id"": 599, ""page"": 14, ""source"": ""./uploads/D4_ICO_AI_Data_Protection_Guidance.pdf""}]","{""detailed_sources"": [{""chunk_id"": 600, ""page"": 14, ""source"": ""./uploads/D4_ICO_AI_Data_Protection_Guidance.pdf""}, {""chunk_id"": 602, ""page"": 15, ""source"": ""./uploads/D4_ICO_AI_Data_Protection_Guidance.pdf""}, {""chunk_id"": 599, ""page"": 14, ""source"": ""./uploads/D4_ICO_AI_Data_Protection_Guidance.pdf""}], ""files"": [""./uploads/D4_ICO_AI_Data_Protection_Guidance.pdf""]}"
C3,K7,Q035,1,"[{""chunk_id"": 653, ""page"": 20, ""source"": ""./uploads/D4_ICO_AI_Data_Protection_Guidance.pdf""}, {""chunk_id"": 651, ""page"": 20, ""source"": ""./uploads/D4_ICO_AI_Data_Protection_Guidance.pdf""}, {""chunk_id"": 654, ""page"": 20, ""source"": ""./uploads/D4_ICO_AI_Data_Protection_Guidance.pdf""}]","{""detailed_sources"": [{""chunk_id"": 653, ""page"": 20, ""source"": ""./uploads/D4_ICO_AI_Data_Protection_Guidance.pdf""}, {""chunk_id"": 651, ""page"": 20, ""source"": ""./uploads/D4_ICO_AI_Data_Protection_Guidance.pdf""}, {""chunk_id"": 654, ""page"": 20, ""source"": ""./uploads/D4_ICO_AI_Data_Protection_Guidance.pdf""}], ""files"": [""./uploads/D4_ICO_AI_Data_Protection_Guidance.pdf""]}"
C3,K7,Q036,1,"[{""chunk_id"": 654, ""page"": 20, ""source"": ""./uploads/D4_ICO_AI_Data_Protection_Guidance.pdf""}, {""chunk_id"": 711, ""page"": 26, ""source"": ""./uploads/D4_ICO_AI_Data_Protection_Guidance.pdf""}, {""chunk_id"": 334, ""page"": 22, ""source"": ""./uploads/D3_NIST_AI_RMF_1_0.pdf""}]","{""detailed_sources"": [{""chunk_id"": 654, ""page"": 20, ""source"": ""./uploads/D4_ICO_AI_Data_Protection_Guidance.pdf""}, {""chunk_id"": 711, ""page"": 26, ""source"": ""./uploads/D4_ICO_AI_Data_Protection_Guidance.pdf""}, {""chunk_id"": 334, ""page"": 22, ""source"": ""./uploads/D3_NIST_AI_RMF_1_0.pdf""}], ""files"": [""./uploads/D3_NIST_AI_RMF_1_0.pdf"", ""./uploads/D4_ICO_AI_Data_Protection_Guidance.pdf""]}"
C3,K7,Q037,1,"[{""chunk_id"": 709, ""page"": 25, ""source"": ""./uploads/D4_ICO_AI_Data_Protection_Guidance.pdf""}, {""chunk_id"": 543, ""page"": 8, ""source"": ""./uploads/D4_ICO_AI_Data_Protection_Guidance.pdf""}, {""chunk_id"": 541, ""page"": 8, ""source"": ""./uploads/D4_ICO_AI_Data_Protection_Guidance.pdf""}]","{""detailed_sources"": [{""chunk_id"": 709, ""page"": 25, ""source"": ""./uploads/D4_ICO_AI_Data_Protection_Guidance.pdf""}, {""chunk_id"": 543, ""page"": 8, ""source"": ""./uploads/D4_ICO_AI_Data_Protection_Guidance.pdf""}, {""chunk_id"": 541, ""page"": 8, ""source"": ""./uploads/D4_ICO_AI_Data_Protection_Guidance.pdf""}], ""files"": [""./uploads/D4_ICO_AI_Data_Protection_Guidance.pdf""]}"
C3,K7,Q038,1,"[{""chunk_id"": 50, ""page"": 6, ""source"": ""./uploads/D1_RAG_Lewis_2020.pdf""}, {""chunk_id"": 33, ""page"": 4, ""source"": ""./uploads/D1_RAG_Lewis_2020.pdf""}, {""chunk_id"": 35, ""page"": 4, ""source"": ""./uploads/D1_RAG_Lewis_2020.pdf""}]","{""detailed_sources"": [{""chunk_id"": 50, ""page"": 6, ""source"": ""./uploads/D1_RAG_Lewis_2020.pdf""}, {""chunk_id"": 33, ""page"": 4, ""source"": ""./uploads/D1_RAG_Lewis_2020.pdf""}, {""chunk_id"": 35, ""page"": 4, ""source"": ""./uploads/D1_RAG_Lewis_2020.pdf""}], ""files"": [""./uploads/D1_RAG_Lewis_2020.pdf""]}"
C3,K7,Q039,1,"[{""chunk_id"": 335, ""page"": 22, ""source"": ""./uploads/D3_NIST_AI_RMF_1_0.pdf""}, {""chunk_id"": 334, ""page"": 22, ""source"": ""./uploads/D3_NIST_AI_RMF_1_0.pdf""}, {""chunk_id"": 654, ""page"": 20, ""source"": ""./uploads/D4_ICO_AI_Data_Protection_Guidance.pdf""}]","{""detailed_sources"": [{""chunk_id"": 335, ""page"": 22, ""source"": ""./uploads/D3_NIST_AI_RMF_1_0.pdf""}, {""chunk_id"": 334, ""page"": 22, ""source"": ""./uploads/D3_NIST_AI_RMF_1_0.pdf""}, {""chunk_id"": 654, ""page"": 20, ""source"": ""./uploads/D4_ICO_AI_Data_Protection_Guidance.pdf""}], ""files"": [""./uploads/D3_NIST_AI_RMF_1_0.pdf"", ""./uploads/D4_ICO_AI_Data_Protection_Guidance.pdf""]}"
C3,K7,Q040,1,"[{""chunk_id"": 41, ""page"": 5, ""source"": ""./uploads/D1_RAG_Lewis_2020.pdf""}, {""chunk_id"": 75, ""page"": 8, ""source"": ""./uploads/D1_RAG_Lewis_2020.pdf""}, {""chunk_id"": 160, ""page"": 18, ""source"": ""./uploads/D1_RAG_Lewis_2020.pdf""}]","{""detailed_sources"": [{""chunk_id"": 41, ""page"": 5, ""source"": ""./uploads/D1_RAG_Lewis_2020.pdf""}, {""chunk_id"": 75, ""page"": 8, ""source"": ""./uploads/D1_RAG_Lewis_2020.pdf""}, {""chunk_id"": 160, ""page"": 18, ""source"": ""./uploads/D1_RAG_Lewis_2020.pdf""}], ""files"": [""./uploads/D1_RAG_Lewis_2020.pdf""]}"
C3,K7,Q001,2,"[{""chunk_id"": 0, ""page"": 1, ""source"": ""./uploads/D1_RAG_Lewis_2020.pdf""}, {""chunk_id"": 148, ""page"": 17, ""source"": ""./uploads/D1_RAG_Lewis_2020.pdf""}, {""chunk_id"": 75, ""page"": 8, ""source"": ""./uploads/D1_RAG_Lewis_2020.pdf""}]","{""detailed_sources"": [{""chunk_id"": 0, ""page"": 1, ""source"": ""./uploads/D1_RAG_Lewis_2020.pdf""}, {""chunk_id"": 148, ""page"": 17, ""source"": ""./uploads/D1_RAG_Lewis_2020.pdf""}, {""chunk_id"": 75, ""page"": 8, ""source"": ""./uploads/D1_RAG_Lewis_2020.pdf""}], ""files"": [""./uploads/D1_RAG_Lewis_2020.pdf""]}"
C3,K7,Q002,2,"[{""chunk_id"": 2, ""page"": 1, ""source"": ""./uploads/D1_RAG_Lewis_2020.pdf""}, {""chunk_id"": 12, ""page"": 2, ""source"": ""./uploads/D1_RAG_Lewis_2020.pdf""}, {""chunk_id"": 84, ""page"": 9, ""source"": ""./uploads/D1_RAG_Lewis_2020.pdf""}]","{""detailed_sources"": [{""chunk_id"": 2, ""page"": 1, ""source"": ""./uploads/D1_RAG_Lewis_2020.pdf""}, {""chunk_id"": 12, ""page"": 2, ""source"": ""./uploads/D1_RAG_Lewis_2020.pdf""}, {""chunk_id"": 84, ""page"": 9, ""source"": ""./uploads/D1_RAG_Lewis_2020.pdf""}], ""files"": [""./uploads/D1_RAG_Lewis_2020.pdf""]}"
C3,K7,Q003,2,"[{""chunk_id"": 92, ""page"": 10, ""source"": ""./uploads/D1_RAG_Lewis_2020.pdf""}, {""chunk_id"": 75, ""page"": 8, ""source"": ""./uploads/D1_RAG_Lewis_2020.pdf""}, {""chunk_id"": 41, ""page"": 5, ""source"": ""./uploads/D1_RAG_Lewis_2020.pdf""}]","{""detailed_sources"": [{""chunk_id"": 92, ""page"": 10, ""source"": ""./uploads/D1_RAG_Lewis_2020.pdf""}, {""chunk_id"": 75, ""page"": 8, ""source"": ""./uploads/D1_RAG_Lewis_2020.pdf""}, {""chunk_id"": 41, ""page"": 5, ""source"": ""./uploads/D1_RAG_Lewis_2020.pdf""}], ""files"": [""./uploads/D1_RAG_Lewis_2020.pdf""]}"
C3,K7,Q004,2,"[{""chunk_id"": 46, ""page"": 5, ""source"": ""./uploads/D1_RAG_Lewis_2020.pdf""}, {""chunk_id"": 65, ""page"": 7, ""source"": ""./uploads/D1_RAG_Lewis_2020.pdf""}, {""chunk_id"": 21, ""page"": 3, ""source"": ""./uploads/D1_RAG_Lewis_2020.pdf""}]","{""detailed_sources"": [{""chunk_id"": 46, ""page"": 5, ""source"": ""./uploads/D1_RAG_Lewis_2020.pdf""}, {""chunk_id"": 65, ""page"": 7, ""source"": ""./uploads/D1_RAG_Lewis_2020.pdf""}, {""chunk_id"": 21, ""page"": 3, ""source"": ""./uploads/D1_RAG_Lewis_2020.pdf""}], ""files"": [""./uploads/D1_RAG_Lewis_2020.pdf""]}"
C3,K7,Q005,2,"[{""chunk_id"": 16, ""page"": 2, ""source"": ""./uploads/D1_RAG_Lewis_2020.pdf""}, {""chunk_id"": 5, ""page"": 1, ""source"": ""./uploads/D1_RAG_Lewis_2020.pdf""}, {""chunk_id"": 163, ""page"": 18, ""source"": ""./uploads/D1_RAG_Lewis_2020.pdf""}]","{""detailed_sources"": [{""chunk_id"": 16, ""page"": 2, ""source"": ""./uploads/D1_RAG_Lewis_2020.pdf""}, {""chunk_id"": 5, ""page"": 1, ""source"": ""./uploads/D1_RAG_Lewis_2020.pdf""}, {""chunk_id"": 163, ""page"": 18, ""source"": ""./uploads/D1_RAG_Lewis_2020.pdf""}], ""files"": [""./uploads/D1_RAG_Lewis_2020.pdf""]}"
C3,K7,Q006,2,"[{""chunk_id"": 16, ""page"": 2, ""source"": ""./uploads/D1_RAG_Lewis_2020.pdf""}, {""chunk_id"": 10, ""page"": 2, ""source"": ""./uploads/D1_RAG_Lewis_2020.pdf""}, {""chunk_id"": 20, ""page"": 3, ""source"": ""./uploads/D1_RAG_Lewis_2020.pdf""}]","{""detailed_sources"": [{""chunk_id"": 16, ""page"": 2, ""source"": ""./uploads/D1_RAG_Lewis_2020.pdf""}, {""chunk_id"": 10, ""page"": 2, ""source"": ""./uploads/D1_RAG_Lewis_2020.pdf""}, {""chunk_id"": 20, ""page"": 3, ""source"": ""./uploads/D1_RAG_Lewis_2020.pdf""}], ""files"": [""./uploads/D1_RAG_Lewis_2020.pdf""]}"
C3,K7,Q007,2,"[{""chunk_id"": 14, ""page"": 2, ""source"": ""./uploads/D1_RAG_Lewis_2020.pdf""}, {""chunk_id"": 1, ""page"": 1, ""source"": ""./uploads/D1_RAG_Lewis_2020.pdf""}, {""chunk_id"": 75, ""page"": 8, ""source"": ""./uploads/D1_RAG_Lewis_2020.pdf""}]","{""detailed_sources"": [{""chunk_id"": 14, ""page"": 2, ""source"": ""./uploads/D1_RAG_Lewis_2020.pdf""}, {""chunk_id"": 1, ""page"": 1, ""source"": ""./uploads/D1_RAG_Lewis_2020.pdf""}, {""chunk_id"": 75, ""page"": 8, ""source"": ""./uploads/D1_RAG_Lewis_2020.pdf""}], ""files"": [""./uploads/D1_RAG_Lewis_2020.pdf""]}"
C3,K7,Q008,2,"[{""chunk_id"": 0, ""page"": 1, ""source"": ""./uploads/D1_RAG_Lewis_2020.pdf""}, {""chunk_id"": 79, ""page"": 9, ""source"": ""./uploads/D1_RAG_Lewis_2020.pdf""}, {""chunk_id"": 456, ""page"": 43, ""source"": ""./uploads/D3_NIST_AI_RMF_1_0.pdf""}]","{""detailed_sources"": [{""chunk_id"": 0, ""page"": 1, ""source"": ""./uploads/D1_RAG_Lewis_2020.pdf""}, {""chunk_id"": 79, ""page"": 9, ""source"": ""./uploads/D1_RAG_Lewis_2020.pdf""}, {""chunk_id"": 456, ""page"": 43, ""source"": ""./uploads/D3_NIST_AI_RMF_1_0.pdf""}], ""files"": [""./uploads/D3_NIST_AI_RMF_1_0.pdf"", ""./uploads/D1_RAG_Lewis_2020.pdf""]}"
C3,K7,Q009,2,"[{""chunk_id"": 63, ""page"": 7, ""source"": ""./uploads/D1_RAG_Lewis_2020.pdf""}, {""chunk_id"": 44, ""page"": 5, ""source"": ""./uploads/D1_RAG_Lewis_2020.pdf""}, {""chunk_id"": 584, ""page"": 13, ""source"": ""./uploads/D4_ICO_AI_Data_Protection_Guidance.pdf""}]","{""detailed_sources"": [{""chunk_id"": 63, ""page"": 7, ""source"": ""./uploads/D1_RAG_Lewis_2020.pdf""}, {""chunk_id"": 44, ""page"": 5, ""source"": ""./uploads/D1_RAG_Lewis_2020.pdf""}, {""chunk_id"": 584, ""page"": 13, ""source"": ""./uploads/D4_ICO_AI_Data_Protection_Guidance.pdf""}], ""files"": [""./uploads/D4_ICO_AI_Data_Protection_Guidance.pdf"", ""./uploads/D1_RAG_Lewis_2020.pdf""]}"
C3,K7,Q010,2,"[{""chunk_id"": 65, ""page"": 7, ""source"": ""./uploads/D1_RAG_Lewis_2020.pdf""}, {""chunk_id"": 53, ""page"": 6, ""source"": ""./uploads/D1_RAG_Lewis_2020.pdf""}, {""chunk_id"": 59, ""page"": 7, ""source"": ""./uploads/D1_RAG_Lewis_2020.pdf""}]","{""detailed_sources"": [{""chunk_id"": 65, ""page"": 7, ""source"": ""./uploads/D1_RAG_Lewis_2020.pdf""}, {""chunk_id"": 53, ""page"": 6, ""source"": ""./uploads/D1_RAG_Lewis_2020.pdf""}, {""chunk_id"": 59, ""page"": 7, ""source"": ""./uploads/D1_RAG_Lewis_2020.pdf""}], ""files"": [""./uploads/D1_RAG_Lewis_2020.pdf""]}"
C3,K7,Q011,2,"[{""chunk_id"": 174, ""page"": 2, ""source"": ""./uploads/D2_llama_cpp_README.pdf""}, {""chunk_id"": 171, ""page"": 1, ""source"": ""./uploads/D2_llama_cpp_README.pdf""}, {""chunk_id"": 196, ""page"": 9, ""source"": ""./uploads/D2_llama_cpp_README.pdf""}]","{""detailed_sources"": [{""chunk_id"": 174, ""page"": 2, ""source"": ""./uploads/D2_llama_cpp_README.pdf""}, {""chunk_id"": 171, ""page"": 1, ""source"": ""./uploads/D2_llama_cpp_README.pdf""}, {""chunk_id"": 196, ""page"": 9, ""source"": ""./uploads/D2_llama_cpp_README.pdf""}], ""files"": [""./uploads/D2_llama_cpp_README.pdf""]}"
C3,K7,Q012,2,"[{""chunk_id"": 174, ""page"": 2, ""source"": ""./uploads/D2_llama_cpp_README.pdf""}, {""chunk_id"": 171, ""page"": 1, ""source"": ""./uploads/D2_llama_cpp_README.pdf""}, {""chunk_id"": 196, ""page"": 9, ""source"": ""./uploads/D2_llama_cpp_README.pdf""}]","{""detailed_sources"": [{""chunk_id"": 174, ""page"": 2, ""source"": ""./uploads/D2_llama_cpp_README.pdf""}, {""chunk_id"": 171, ""page"": 1, ""source"": ""./uploads/D2_llama_cpp_README.pdf""}, {""chunk_id"": 196, ""page"": 9, ""source"": ""./uploads/D2_llama_cpp_README.pdf""}], ""files"": [""./uploads/D2_llama_cpp_README.pdf""]}"
C3,K7,Q013,2,"[{""chunk_id"": 202, ""page"": 11, ""source"": ""./uploads/D2_llama_cpp_README.pdf""}, {""chunk_id"": 174, ""page"": 2, ""source"": ""./uploads/D2_llama_cpp_README.pdf""}, {""chunk_id"": 193, ""page"": 9, ""source"": ""./uploads/D2_llama_cpp_README.pdf""}]","{""detailed_sources"": [{""chunk_id"": 202, ""page"": 11, ""source"": ""./uploads/D2_llama_cpp_README.pdf""}, {""chunk_id"": 174, ""page"": 2, ""source"": ""./uploads/D2_llama_cpp_README.pdf""}, {""chunk_id"": 193, ""page"": 9, ""source"": ""./uploads/D2_llama_cpp_README.pdf""}], ""files"": [""./uploads/D2_llama_cpp_README.pdf""]}"
C3,K7,Q014,2,"[{""chunk_id"": 176, ""page"": 2, ""source"": ""./uploads/D2_llama_cpp_README.pdf""}, {""chunk_id"": 175, ""page"": 2, ""source"": ""./uploads/D2_llama_cpp_README.pdf""}, {""chunk_id"": 167, ""page"": 19, ""source"": ""./uploads/D1_RAG_Lewis_2020.pdf""}]","{""detailed_sources"": [{""chunk_id"": 176, ""page"": 2, ""source"": ""./uploads/D2_llama_cpp_README.pdf""}, {""chunk_id"": 175, ""page"": 2, ""source"": ""./uploads/D2_llama_cpp_README.pdf""}, {""chunk_id"": 167, ""page"": 19, ""source"": ""./uploads/D1_RAG_Lewis_2020.pdf""}], ""files"": [""./uploads/D1_RAG_Lewis_2020.pdf"", ""./uploads/D2_llama_cpp_README.pdf""]}"
C3,K7,Q015,2,"[{""chunk_id"": 174, ""page"": 2, ""source"": ""./uploads/D2_llama_cpp_README.pdf""}, {""chunk_id"": 201, ""page"": 11, ""source"": ""./uploads/D2_llama_cpp_README.pdf""}, {""chunk_id"": 194, ""page"": 9, ""source"": ""./uploads/D2_llama_cpp_README.pdf""}]","{""detailed_sources"": [{""chunk_id"": 174, ""page"": 2, ""source"": ""./uploads/D2_llama_cpp_README.pdf""}, {""chunk_id"": 201, ""page"": 11, ""source"": ""./uploads/D2_llama_cpp_README.pdf""}, {""chunk_id"": 194, ""page"": 9, ""source"": ""./uploads/D2_llama_cpp_README.pdf""}], ""files"": [""./uploads/D2_llama_cpp_README.pdf""]}"
C3,K7,Q016,2,"[{""chunk_id"": 201, ""page"": 11, ""source"": ""./uploads/D2_llama_cpp_README.pdf""}, {""chunk_id"": 174, ""page"": 2, ""source"": ""./uploads/D2_llama_cpp_README.pdf""}, {""chunk_id"": 618, ""page"": 16, ""source"": ""./uploads/D4_ICO_AI_Data_Protection_Guidance.pdf""}]","{""detailed_sources"": [{""chunk_id"": 201, ""page"": 11, ""source"": ""./uploads/D2_llama_cpp_README.pdf""}, {""chunk_id"": 174, ""page"": 2, ""source"": ""./uploads/D2_llama_cpp_README.pdf""}, {""chunk_id"": 618, ""page"": 16, ""source"": ""./uploads/D4_ICO_AI_Data_Protection_Guidance.pdf""}], ""files"": [""./uploads/D4_ICO_AI_Data_Protection_Guidance.pdf"", ""./uploads/D2_llama_cpp_README.pdf""]}"
C3,K7,Q017,2,"[{""chunk_id"": 192, ""page"": 9, ""source"": ""./uploads/D2_llama_cpp_README.pdf""}, {""chunk_id"": 174, ""page"": 2, ""source"": ""./uploads/D2_llama_cpp_README.pdf""}, {""chunk_id"": 173, ""page"": 1, ""source"": ""./uploads/D2_llama_cpp_README.pdf""}]","{""detailed_sources"": [{""chunk_id"": 192, ""page"": 9, ""source"": ""./uploads/D2_llama_cpp_README.pdf""}, {""chunk_id"": 174, ""page"": 2, ""source"": ""./uploads/D2_llama_cpp_README.pdf""}, {""chunk_id"": 173, ""page"": 1, ""source"": ""./uploads/D2_llama_cpp_README.pdf""}], ""files"": [""./uploads/D2_llama_cpp_README.pdf""]}"
C3,K7,Q018,2,"[{""chunk_id"": 707, ""page"": 25, ""source"": ""./uploads/D4_ICO_AI_Data_Protection_Guidance.pdf""}, {""chunk_id"": 637, ""page"": 18, ""source"": ""./uploads/D4_ICO_AI_Data_Protection_Guidance.pdf""}, {""chunk_id"": 638, ""page"": 18, ""source"": ""./uploads/D4_ICO_AI_Data_Protection_Guidance.pdf""}]","{""detailed_sources"": [{""chunk_id"": 707, ""page"": 25, ""source"": ""./uploads/D4_ICO_AI_Data_Protection_Guidance.pdf""}, {""chunk_id"": 637, ""page"": 18, ""source"": ""./uploads/D4_ICO_AI_Data_Protection_Guidance.pdf""}, {""chunk_id"": 638, ""page"": 18, ""source"": ""./uploads/D4_ICO_AI_Data_Protection_Guidance.pdf""}], ""files"": [""./uploads/D4_ICO_AI_Data_Protection_Guidance.pdf""]}"
C3,K7,Q019,2,"[{""chunk_id"": 205, ""page"": 13, ""source"": ""./uploads/D2_llama_cpp_README.pdf""}, {""chunk_id"": 73, ""page"": 8, ""source"": ""./uploads/D1_RAG_Lewis_2020.pdf""}, {""chunk_id"": 456, ""page"": 43, ""source"": ""./uploads/D3_NIST_AI_RMF_1_0.pdf""}]","{""detailed_sources"": [{""chunk_id"": 205, ""page"": 13, ""source"": ""./uploads/D2_llama_cpp_README.pdf""}, {""chunk_id"": 73, ""page"": 8, ""source"": ""./uploads/D1_RAG_Lewis_2020.pdf""}, {""chunk_id"": 456, ""page"": 43, ""source"": ""./uploads/D3_NIST_AI_RMF_1_0.pdf""}], ""files"": [""./uploads/D3_NIST_AI_RMF_1_0.pdf"", ""./uploads/D1_RAG_Lewis_2020.pdf"", ""./uploads/D2_llama_cpp_README.pdf""]}"
C3,K7,Q020,2,"[{""chunk_id"": 175, ""page"": 2, ""source"": ""./uploads/D2_llama_cpp_README.pdf""}, {""chunk_id"": 709, ""page"": 25, ""source"": ""./uploads/D4_ICO_AI_Data_Protection_Guidance.pdf""}, {""chunk_id"": 690, ""page"": 23, ""source"": ""./uploads/D4_ICO_AI_Data_Protection_Guidance.pdf""}]","{""detailed_sources"": [{""chunk_id"": 175, ""page"": 2, ""source"": ""./uploads/D2_llama_cpp_README.pdf""}, {""chunk_id"": 709, ""page"": 25, ""source"": ""./uploads/D4_ICO_AI_Data_Protection_Guidance.pdf""}, {""chunk_id"": 690, ""page"": 23, ""source"": ""./uploads/D4_ICO_AI_Data_Protection_Guidance.pdf""}], ""files"": [""./uploads/D4_ICO_AI_Data_Protection_Guidance.pdf"", ""./uploads/D2_llama_cpp_README.pdf""]}"
C3,K7,Q021,2,"[{""chunk_id"": 248, ""page"": 9, ""source"": ""./uploads/D3_NIST_AI_RMF_1_0.pdf""}, {""chunk_id"": 344, ""page"": 24, ""source"": ""./uploads/D3_NIST_AI_RMF_1_0.pdf""}, {""chunk_id"": 243, ""page"": 8, ""source"": ""./uploads/D3_NIST_AI_RMF_1_0.pdf""}]","{""detailed_sources"": [{""chunk_id"": 248, ""page"": 9, ""source"": ""./uploads/D3_NIST_AI_RMF_1_0.pdf""}, {""chunk_id"": 344, ""page"": 24, ""source"": ""./uploads/D3_NIST_AI_RMF_1_0.pdf""}, {""chunk_id"": 243, ""page"": 8, ""source"": ""./uploads/D3_NIST_AI_RMF_1_0.pdf""}], ""files"": [""./uploads/D3_NIST_AI_RMF_1_0.pdf""]}"
C3,K7,Q022,2,"[{""chunk_id"": 416, ""page"": 36, ""source"": ""./uploads/D3_NIST_AI_RMF_1_0.pdf""}, {""chunk_id"": 258, ""page"": 10, ""source"": ""./uploads/D3_NIST_AI_RMF_1_0.pdf""}, {""chunk_id"": 275, ""page"": 13, ""source"": ""./uploads/D3_NIST_AI_RMF_1_0.pdf""}]","{""detailed_sources"": [{""chunk_id"": 416, ""page"": 36, ""source"": ""./uploads/D3_NIST_AI_RMF_1_0.pdf""}, {""chunk_id"": 258, ""page"": 10, ""source"": ""./uploads/D3_NIST_AI_RMF_1_0.pdf""}, {""chunk_id"": 275, ""page"": 13, ""source"": ""./uploads/D3_NIST_AI_RMF_1_0.pdf""}], ""files"": [""./uploads/D3_NIST_AI_RMF_1_0.pdf""]}"
C3,K7,Q023,2,"[{""chunk_id"": 298, ""page"": 17, ""source"": ""./uploads/D3_NIST_AI_RMF_1_0.pdf""}, {""chunk_id"": 304, ""page"": 18, ""source"": ""./uploads/D3_NIST_AI_RMF_1_0.pdf""}, {""chunk_id"": 299, ""page"": 17, ""source"": ""./uploads/D3_NIST_AI_RMF_1_0.pdf""}]","{""detailed_sources"": [{""chunk_id"": 298, ""page"": 17, ""source"": ""./uploads/D3_NIST_AI_RMF_1_0.pdf""}, {""chunk_id"": 304, ""page"": 18, ""source"": ""./uploads/D3_NIST_AI_RMF_1_0.pdf""}, {""chunk_id"": 299, ""page"": 17, ""source"": ""./uploads/D3_NIST_AI_RMF_1_0.pdf""}], ""files"": [""./uploads/D3_NIST_AI_RMF_1_0.pdf""]}"
C3,K7,Q024,2,"[{""chunk_id"": 482, ""page"": 47, ""source"": ""./uploads/D3_NIST_AI_RMF_1_0.pdf""}, {""chunk_id"": 415, ""page"": 36, ""source"": ""./uploads/D3_NIST_AI_RMF_1_0.pdf""}, {""chunk_id"": 428, ""page"": 38, ""source"": ""./uploads/D3_NIST_AI_RMF_1_0.pdf""}]","{""detailed_sources"": [{""chunk_id"": 482, ""page"": 47, ""source"": ""./uploads/D3_NIST_AI_RMF_1_0.pdf""}, {""chunk_id"": 415, ""page"": 36, ""source"": ""./uploads/D3_NIST_AI_RMF_1_0.pdf""}, {""chunk_id"": 428, ""page"": 38, ""source"": ""./uploads/D3_NIST_AI_RMF_1_0.pdf""}], ""files"": [""./uploads/D3_NIST_AI_RMF_1_0.pdf""]}"
C3,K7,Q025,2,"[{""chunk_id"": 250, ""page"": 9, ""source"": ""./uploads/D3_NIST_AI_RMF_1_0.pdf""}, {""chunk_id"": 268, ""page"": 12, ""source"": ""./uploads/D3_NIST_AI_RMF_1_0.pdf""}, {""chunk_id"": 460, ""page"": 44, ""source"": ""./uploads/D3_NIST_AI_RMF_1_0.pdf""}]","{""detailed_sources"": [{""chunk_id"": 250, ""page"": 9, ""source"": ""./uploads/D3_NIST_AI_RMF_1_0.pdf""}, {""chunk_id"": 268, ""page"": 12, ""source"": ""./uploads/D3_NIST_AI_RMF_1_0.pdf""}, {""chunk_id"": 460, ""page"": 44, ""source"": ""./uploads/D3_NIST_AI_RMF_1_0.pdf""}], ""files"": [""./uploads/D3_NIST_AI_RMF_1_0.pdf""]}"
C3,K7,Q026,2,"[{""chunk_id"": 462, ""page"": 44, ""source"": ""./uploads/D3_NIST_AI_RMF_1_0.pdf""}, {""chunk_id"": 240, ""page"": 7, ""source"": ""./uploads/D3_NIST_AI_RMF_1_0.pdf""}, {""chunk_id"": 481, ""page"": 47, ""source"": ""./uploads/D3_NIST_AI_RMF_1_0.pdf""}]","{""detailed_sources"": [{""chunk_id"": 462, ""page"": 44, ""source"": ""./uploads/D3_NIST_AI_RMF_1_0.pdf""}, {""chunk_id"": 240, ""page"": 7, ""source"": ""./uploads/D3_NIST_AI_RMF_1_0.pdf""}, {""chunk_id"": 481, ""page"": 47, ""source"": ""./uploads/D3_NIST_AI_RMF_1_0.pdf""}], ""files"": [""./uploads/D3_NIST_AI_RMF_1_0.pdf""]}"
C3,K7,Q027,2,"[{""chunk_id"": 380, ""page"": 30, ""source"": ""./uploads/D3_NIST_AI_RMF_1_0.pdf""}, {""chunk_id"": 254, ""page"": 9, ""source"": ""./uploads/D3_NIST_AI_RMF_1_0.pdf""}, {""chunk_id"": 384, ""page"": 31, ""source"": ""./uploads/D3_NIST_AI_RMF_1_0.pdf""}]","{""detailed_sources"": [{""chunk_id"": 380, ""page"": 30, ""source"": ""./uploads/D3_NIST_AI_RMF_1_0.pdf""}, {""chunk_id"": 254, ""page"": 9, ""source"": ""./uploads/D3_NIST_AI_RMF_1_0.pdf""}, {""chunk_id"": 384, ""page"": 31, ""source"": ""./uploads/D3_NIST_AI_RMF_1_0.pdf""}], ""files"": [""./uploads/D3_NIST_AI_RMF_1_0.pdf""]}"
C3,K7,Q028,2,"[{""chunk_id"": 248, ""page"": 9, ""source"": ""./uploads/D3_NIST_AI_RMF_1_0.pdf""}, {""chunk_id"": 273, ""page"": 12, ""source"": ""./uploads/D3_NIST_AI_RMF_1_0.pdf""}, {""chunk_id"": 259, ""page"": 10, ""source"": ""./uploads/D3_NIST_AI_RMF_1_0.pdf""}]","{""detailed_sources"": [{""chunk_id"": 248, ""page"": 9, ""source"": ""./uploads/D3_NIST_AI_RMF_1_0.pdf""}, {""chunk_id"": 273, ""page"": 12, ""source"": ""./uploads/D3_NIST_AI_RMF_1_0.pdf""}, {""chunk_id"": 259, ""page"": 10, ""source"": ""./uploads/D3_NIST_AI_RMF_1_0.pdf""}], ""files"": [""./uploads/D3_NIST_AI_RMF_1_0.pdf""]}"
C3,K7,Q029,2,"[{""chunk_id"": 226, ""page"": 5, ""source"": ""./uploads/D3_NIST_AI_RMF_1_0.pdf""}, {""chunk_id"": 379, ""page"": 30, ""source"": ""./uploads/D3_NIST_AI_RMF_1_0.pdf""}, {""chunk_id"": 359, ""page"": 27, ""source"": ""./uploads/D3_NIST_AI_RMF_1_0.pdf""}]","{""detailed_sources"": [{""chunk_id"": 226, ""page"": 5, ""source"": ""./uploads/D3_NIST_AI_RMF_1_0.pdf""}, {""chunk_id"": 379, ""page"": 30, ""source"": ""./uploads/D3_NIST_AI_RMF_1_0.pdf""}, {""chunk_id"": 359, ""page"": 27, ""source"": ""./uploads/D3_NIST_AI_RMF_1_0.pdf""}], ""files"": [""./uploads/D3_NIST_AI_RMF_1_0.pdf""]}"
C3,K7,Q030,2,"[{""chunk_id"": 593, ""page"": 14, ""source"": ""./uploads/D4_ICO_AI_Data_Protection_Guidance.pdf""}, {""chunk_id"": 491, ""page"": 1, ""source"": ""./uploads/D4_ICO_AI_Data_Protection_Guidance.pdf""}, {""chunk_id"": 600, ""page"": 14, ""source"": ""./uploads/D4_ICO_AI_Data_Protection_Guidance.pdf""}]","{""detailed_sources"": [{""chunk_id"": 593, ""page"": 14, ""source"": ""./uploads/D4_ICO_AI_Data_Protection_Guidance.pdf""}, {""chunk_id"": 491, ""page"": 1, ""source"": ""./uploads/D4_ICO_AI_Data_Protection_Guidance.pdf""}, {""chunk_id"": 600, ""page"": 14, ""source"": ""./uploads/D4_ICO_AI_Data_Protection_Guidance.pdf""}], ""files"": [""./uploads/D4_ICO_AI_Data_Protection_Guidance.pdf""]}"
C3,K7,Q031,2,"[{""chunk_id"": 504, ""page"": 3, ""source"": ""./uploads/D4_ICO_AI_Data_Protection_Guidance.pdf""}, {""chunk_id"": 505, ""page"": 3, ""source"": ""./uploads/D4_ICO_AI_Data_Protection_Guidance.pdf""}, {""chunk_id"": 323, ""page"": 20, ""source"": ""./uploads/D3_NIST_AI_RMF_1_0.pdf""}]","{""detailed_sources"": [{""chunk_id"": 504, ""page"": 3, ""source"": ""./uploads/D4_ICO_AI_Data_Protection_Guidance.pdf""}, {""chunk_id"": 505, ""page"": 3, ""source"": ""./uploads/D4_ICO_AI_Data_Protection_Guidance.pdf""}, {""chunk_id"": 323, ""page"": 20, ""source"": ""./uploads/D3_NIST_AI_RMF_1_0.pdf""}], ""files"": [""./uploads/D3_NIST_AI_RMF_1_0.pdf"", ""./uploads/D4_ICO_AI_Data_Protection_Guidance.pdf""]}"
C3,K7,Q032,2,"[{""chunk_id"": 508, ""page"": 4, ""source"": ""./uploads/D4_ICO_AI_Data_Protection_Guidance.pdf""}, {""chunk_id"": 534, ""page"": 7, ""source"": ""./uploads/D4_ICO_AI_Data_Protection_Guidance.pdf""}, {""chunk_id"": 509, ""page"": 4, ""source"": ""./uploads/D4_ICO_AI_Data_Protection_Guidance.pdf""}]","{""detailed_sources"": [{""chunk_id"": 508, ""page"": 4, ""source"": ""./uploads/D4_ICO_AI_Data_Protection_Guidance.pdf""}, {""chunk_id"": 534, ""page"": 7, ""source"": ""./uploads/D4_ICO_AI_Data_Protection_Guidance.pdf""}, {""chunk_id"": 509, ""page"": 4, ""source"": ""./uploads/D4_ICO_AI_Data_Protection_Guidance.pdf""}], ""files"": [""./uploads/D4_ICO_AI_Data_Protection_Guidance.pdf""]}"
C3,K7,Q033,2,"[{""chunk_id"": 567, ""page"": 11, ""source"": ""./uploads/D4_ICO_AI_Data_Protection_Guidance.pdf""}, {""chunk_id"": 568, ""page"": 11, ""source"": ""./uploads/D4_ICO_AI_Data_Protection_Guidance.pdf""}, {""chunk_id"": 574, ""page"": 12, ""source"": ""./uploads/D4_ICO_AI_Data_Protection_Guidance.pdf""}]","{""detailed_sources"": [{""chunk_id"": 567, ""page"": 11, ""source"": ""./uploads/D4_ICO_AI_Data_Protection_Guidance.pdf""}, {""chunk_id"": 568, ""page"": 11, ""source"": ""./uploads/D4_ICO_AI_Data_Protection_Guidance.pdf""}, {""chunk_id"": 574, ""page"": 12, ""source"": ""./uploads/D4_ICO_AI_Data_Protection_Guidance.pdf""}], ""files"": [""./uploads/D4_ICO_AI_Data_Protection_Guidance.pdf""]}"
C3,K7,Q034,2,"[{""chunk_id"": 600, ""page"": 14, ""source"": ""./uploads/D4_ICO_AI_Data_Protection_Guidance.pdf""}, {""chunk_id"": 602, ""page"": 15, ""source"": ""./uploads/D4_ICO_AI_Data_Protection_Guidance.pdf""}, {""chunk_id"": 599, ""page"": 14, ""source"": ""./uploads/D4_ICO_AI_Data_Protection_Guidance.pdf""}]","{""detailed_sources"": [{""chunk_id"": 600, ""page"": 14, ""source"": ""./uploads/D4_ICO_AI_Data_Protection_Guidance.pdf""}, {""chunk_id"": 602, ""page"": 15, ""source"": ""./uploads/D4_ICO_AI_Data_Protection_Guidance.pdf""}, {""chunk_id"": 599, ""page"": 14, ""source"": ""./uploads/D4_ICO_AI_Data_Protection_Guidance.pdf""}], ""files"": [""./uploads/D4_ICO_AI_Data_Protection_Guidance.pdf""]}"
C3,K7,Q035,2,"[{""chunk_id"": 653, ""page"": 20, ""source"": ""./uploads/D4_ICO_AI_Data_Protection_Guidance.pdf""}, {""chunk_id"": 651, ""page"": 20, ""source"": ""./uploads/D4_ICO_AI_Data_Protection_Guidance.pdf""}, {""chunk_id"": 654, ""page"": 20, ""source"": ""./uploads/D4_ICO_AI_Data_Protection_Guidance.pdf""}]","{""detailed_sources"": [{""chunk_id"": 653, ""page"": 20, ""source"": ""./uploads/D4_ICO_AI_Data_Protection_Guidance.pdf""}, {""chunk_id"": 651, ""page"": 20, ""source"": ""./uploads/D4_ICO_AI_Data_Protection_Guidance.pdf""}, {""chunk_id"": 654, ""page"": 20, ""source"": ""./uploads/D4_ICO_AI_Data_Protection_Guidance.pdf""}], ""files"": [""./uploads/D4_ICO_AI_Data_Protection_Guidance.pdf""]}"
C3,K7,Q036,2,"[{""chunk_id"": 654, ""page"": 20, ""source"": ""./uploads/D4_ICO_AI_Data_Protection_Guidance.pdf""}, {""chunk_id"": 711, ""page"": 26, ""source"": ""./uploads/D4_ICO_AI_Data_Protection_Guidance.pdf""}, {""chunk_id"": 334, ""page"": 22, ""source"": ""./uploads/D3_NIST_AI_RMF_1_0.pdf""}]","{""detailed_sources"": [{""chunk_id"": 654, ""page"": 20, ""source"": ""./uploads/D4_ICO_AI_Data_Protection_Guidance.pdf""}, {""chunk_id"": 711, ""page"": 26, ""source"": ""./uploads/D4_ICO_AI_Data_Protection_Guidance.pdf""}, {""chunk_id"": 334, ""page"": 22, ""source"": ""./uploads/D3_NIST_AI_RMF_1_0.pdf""}], ""files"": [""./uploads/D3_NIST_AI_RMF_1_0.pdf"", ""./uploads/D4_ICO_AI_Data_Protection_Guidance.pdf""]}"
C3,K7,Q037,2,"[{""chunk_id"": 709, ""page"": 25, ""source"": ""./uploads/D4_ICO_AI_Data_Protection_Guidance.pdf""}, {""chunk_id"": 543, ""page"": 8, ""source"": ""./uploads/D4_ICO_AI_Data_Protection_Guidance.pdf""}, {""chunk_id"": 541, ""page"": 8, ""source"": ""./uploads/D4_ICO_AI_Data_Protection_Guidance.pdf""}]","{""detailed_sources"": [{""chunk_id"": 709, ""page"": 25, ""source"": ""./uploads/D4_ICO_AI_Data_Protection_Guidance.pdf""}, {""chunk_id"": 543, ""page"": 8, ""source"": ""./uploads/D4_ICO_AI_Data_Protection_Guidance.pdf""}, {""chunk_id"": 541, ""page"": 8, ""source"": ""./uploads/D4_ICO_AI_Data_Protection_Guidance.pdf""}], ""files"": [""./uploads/D4_ICO_AI_Data_Protection_Guidance.pdf""]}"
C3,K7,Q038,2,"[{""chunk_id"": 50, ""page"": 6, ""source"": ""./uploads/D1_RAG_Lewis_2020.pdf""}, {""chunk_id"": 33, ""page"": 4, ""source"": ""./uploads/D1_RAG_Lewis_2020.pdf""}, {""chunk_id"": 35, ""page"": 4, ""source"": ""./uploads/D1_RAG_Lewis_2020.pdf""}]","{""detailed_sources"": [{""chunk_id"": 50, ""page"": 6, ""source"": ""./uploads/D1_RAG_Lewis_2020.pdf""}, {""chunk_id"": 33, ""page"": 4, ""source"": ""./uploads/D1_RAG_Lewis_2020.pdf""}, {""chunk_id"": 35, ""page"": 4, ""source"": ""./uploads/D1_RAG_Lewis_2020.pdf""}], ""files"": [""./uploads/D1_RAG_Lewis_2020.pdf""]}"
C3,K7,Q039,2,"[{""chunk_id"": 335, ""page"": 22, ""source"": ""./uploads/D3_NIST_AI_RMF_1_0.pdf""}, {""chunk_id"": 334, ""page"": 22, ""source"": ""./uploads/D3_NIST_AI_RMF_1_0.pdf""}, {""chunk_id"": 654, ""page"": 20, ""source"": ""./uploads/D4_ICO_AI_Data_Protection_Guidance.pdf""}]","{""detailed_sources"": [{""chunk_id"": 335, ""page"": 22, ""source"": ""./uploads/D3_NIST_AI_RMF_1_0.pdf""}, {""chunk_id"": 334, ""page"": 22, ""source"": ""./uploads/D3_NIST_AI_RMF_1_0.pdf""}, {""chunk_id"": 654, ""page"": 20, ""source"": ""./uploads/D4_ICO_AI_Data_Protection_Guidance.pdf""}], ""files"": [""./uploads/D3_NIST_AI_RMF_1_0.pdf"", ""./uploads/D4_ICO_AI_Data_Protection_Guidance.pdf""]}"
C3,K7,Q040,2,"[{""chunk_id"": 41, ""page"": 5, ""source"": ""./uploads/D1_RAG_Lewis_2020.pdf""}, {""chunk_id"": 75, ""page"": 8, ""source"": ""./uploads/D1_RAG_Lewis_2020.pdf""}, {""chunk_id"": 160, ""page"": 18, ""source"": ""./uploads/D1_RAG_Lewis_2020.pdf""}]","{""detailed_sources"": [{""chunk_id"": 41, ""page"": 5, ""source"": ""./uploads/D1_RAG_Lewis_2020.pdf""}, {""chunk_id"": 75, ""page"": 8, ""source"": ""./uploads/D1_RAG_Lewis_2020.pdf""}, {""chunk_id"": 160, ""page"": 18, ""source"": ""./uploads/D1_RAG_Lewis_2020.pdf""}], ""files"": [""./uploads/D1_RAG_Lewis_2020.pdf""]}"
C3,K7,Q001,3,"[{""chunk_id"": 0, ""page"": 1, ""source"": ""./uploads/D1_RAG_Lewis_2020.pdf""}, {""chunk_id"": 148, ""page"": 17, ""source"": ""./uploads/D1_RAG_Lewis_2020.pdf""}, {""chunk_id"": 75, ""page"": 8, ""source"": ""./uploads/D1_RAG_Lewis_2020.pdf""}]","{""detailed_sources"": [{""chunk_id"": 0, ""page"": 1, ""source"": ""./uploads/D1_RAG_Lewis_2020.pdf""}, {""chunk_id"": 148, ""page"": 17, ""source"": ""./uploads/D1_RAG_Lewis_2020.pdf""}, {""chunk_id"": 75, ""page"": 8, ""source"": ""./uploads/D1_RAG_Lewis_2020.pdf""}], ""files"": [""./uploads/D1_RAG_Lewis_2020.pdf""]}"
C3,K7,Q002,3,"[{""chunk_id"": 2, ""page"": 1, ""source"": ""./uploads/D1_RAG_Lewis_2020.pdf""}, {""chunk_id"": 12, ""page"": 2, ""source"": ""./uploads/D1_RAG_Lewis_2020.pdf""}, {""chunk_id"": 84, ""page"": 9, ""source"": ""./uploads/D1_RAG_Lewis_2020.pdf""}]","{""detailed_sources"": [{""chunk_id"": 2, ""page"": 1, ""source"": ""./uploads/D1_RAG_Lewis_2020.pdf""}, {""chunk_id"": 12, ""page"": 2, ""source"": ""./uploads/D1_RAG_Lewis_2020.pdf""}, {""chunk_id"": 84, ""page"": 9, ""source"": ""./uploads/D1_RAG_Lewis_2020.pdf""}], ""files"": [""./uploads/D1_RAG_Lewis_2020.pdf""]}"
C3,K7,Q003,3,"[{""chunk_id"": 92, ""page"": 10, ""source"": ""./uploads/D1_RAG_Lewis_2020.pdf""}, {""chunk_id"": 75, ""page"": 8, ""source"": ""./uploads/D1_RAG_Lewis_2020.pdf""}, {""chunk_id"": 41, ""page"": 5, ""source"": ""./uploads/D1_RAG_Lewis_2020.pdf""}]","{""detailed_sources"": [{""chunk_id"": 92, ""page"": 10, ""source"": ""./uploads/D1_RAG_Lewis_2020.pdf""}, {""chunk_id"": 75, ""page"": 8, ""source"": ""./uploads/D1_RAG_Lewis_2020.pdf""}, {""chunk_id"": 41, ""page"": 5, ""source"": ""./uploads/D1_RAG_Lewis_2020.pdf""}], ""files"": [""./uploads/D1_RAG_Lewis_2020.pdf""]}"
C3,K7,Q004,3,"[{""chunk_id"": 46, ""page"": 5, ""source"": ""./uploads/D1_RAG_Lewis_2020.pdf""}, {""chunk_id"": 65, ""page"": 7, ""source"": ""./uploads/D1_RAG_Lewis_2020.pdf""}, {""chunk_id"": 21, ""page"": 3, ""source"": ""./uploads/D1_RAG_Lewis_2020.pdf""}]","{""detailed_sources"": [{""chunk_id"": 46, ""page"": 5, ""source"": ""./uploads/D1_RAG_Lewis_2020.pdf""}, {""chunk_id"": 65, ""page"": 7, ""source"": ""./uploads/D1_RAG_Lewis_2020.pdf""}, {""chunk_id"": 21, ""page"": 3, ""source"": ""./uploads/D1_RAG_Lewis_2020.pdf""}], ""files"": [""./uploads/D1_RAG_Lewis_2020.pdf""]}"
C3,K7,Q005,3,"[{""chunk_id"": 16, ""page"": 2, ""source"": ""./uploads/D1_RAG_Lewis_2020.pdf""}, {""chunk_id"": 5, ""page"": 1, ""source"": ""./uploads/D1_RAG_Lewis_2020.pdf""}, {""chunk_id"": 163, ""page"": 18, ""source"": ""./uploads/D1_RAG_Lewis_2020.pdf""}]","{""detailed_sources"": [{""chunk_id"": 16, ""page"": 2, ""source"": ""./uploads/D1_RAG_Lewis_2020.pdf""}, {""chunk_id"": 5, ""page"": 1, ""source"": ""./uploads/D1_RAG_Lewis_2020.pdf""}, {""chunk_id"": 163, ""page"": 18, ""source"": ""./uploads/D1_RAG_Lewis_2020.pdf""}], ""files"": [""./uploads/D1_RAG_Lewis_2020.pdf""]}"
C3,K7,Q006,3,"[{""chunk_id"": 16, ""page"": 2, ""source"": ""./uploads/D1_RAG_Lewis_2020.pdf""}, {""chunk_id"": 10, ""page"": 2, ""source"": ""./uploads/D1_RAG_Lewis_2020.pdf""}, {""chunk_id"": 20, ""page"": 3, ""source"": ""./uploads/D1_RAG_Lewis_2020.pdf""}]","{""detailed_sources"": [{""chunk_id"": 16, ""page"": 2, ""source"": ""./uploads/D1_RAG_Lewis_2020.pdf""}, {""chunk_id"": 10, ""page"": 2, ""source"": ""./uploads/D1_RAG_Lewis_2020.pdf""}, {""chunk_id"": 20, ""page"": 3, ""source"": ""./uploads/D1_RAG_Lewis_2020.pdf""}], ""files"": [""./uploads/D1_RAG_Lewis_2020.pdf""]}"
C3,K7,Q007,3,"[{""chunk_id"": 14, ""page"": 2, ""source"": ""./uploads/D1_RAG_Lewis_2020.pdf""}, {""chunk_id"": 1, ""page"": 1, ""source"": ""./uploads/D1_RAG_Lewis_2020.pdf""}, {""chunk_id"": 75, ""page"": 8, ""source"": ""./uploads/D1_RAG_Lewis_2020.pdf""}]","{""detailed_sources"": [{""chunk_id"": 14, ""page"": 2, ""source"": ""./uploads/D1_RAG_Lewis_2020.pdf""}, {""chunk_id"": 1, ""page"": 1, ""source"": ""./uploads/D1_RAG_Lewis_2020.pdf""}, {""chunk_id"": 75, ""page"": 8, ""source"": ""./uploads/D1_RAG_Lewis_2020.pdf""}], ""files"": [""./uploads/D1_RAG_Lewis_2020.pdf""]}"
C3,K7,Q008,3,"[{""chunk_id"": 0, ""page"": 1, ""source"": ""./uploads/D1_RAG_Lewis_2020.pdf""}, {""chunk_id"": 79, ""page"": 9, ""source"": ""./uploads/D1_RAG_Lewis_2020.pdf""}, {""chunk_id"": 456, ""page"": 43, ""source"": ""./uploads/D3_NIST_AI_RMF_1_0.pdf""}]","{""detailed_sources"": [{""chunk_id"": 0, ""page"": 1, ""source"": ""./uploads/D1_RAG_Lewis_2020.pdf""}, {""chunk_id"": 79, ""page"": 9, ""source"": ""./uploads/D1_RAG_Lewis_2020.pdf""}, {""chunk_id"": 456, ""page"": 43, ""source"": ""./uploads/D3_NIST_AI_RMF_1_0.pdf""}], ""files"": [""./uploads/D3_NIST_AI_RMF_1_0.pdf"", ""./uploads/D1_RAG_Lewis_2020.pdf""]}"
C3,K7,Q009,3,"[{""chunk_id"": 63, ""page"": 7, ""source"": ""./uploads/D1_RAG_Lewis_2020.pdf""}, {""chunk_id"": 44, ""page"": 5, ""source"": ""./uploads/D1_RAG_Lewis_2020.pdf""}, {""chunk_id"": 584, ""page"": 13, ""source"": ""./uploads/D4_ICO_AI_Data_Protection_Guidance.pdf""}]","{""detailed_sources"": [{""chunk_id"": 63, ""page"": 7, ""source"": ""./uploads/D1_RAG_Lewis_2020.pdf""}, {""chunk_id"": 44, ""page"": 5, ""source"": ""./uploads/D1_RAG_Lewis_2020.pdf""}, {""chunk_id"": 584, ""page"": 13, ""source"": ""./uploads/D4_ICO_AI_Data_Protection_Guidance.pdf""}], ""files"": [""./uploads/D4_ICO_AI_Data_Protection_Guidance.pdf"", ""./uploads/D1_RAG_Lewis_2020.pdf""]}"
C3,K7,Q010,3,"[{""chunk_id"": 65, ""page"": 7, ""source"": ""./uploads/D1_RAG_Lewis_2020.pdf""}, {""chunk_id"": 53, ""page"": 6, ""source"": ""./uploads/D1_RAG_Lewis_2020.pdf""}, {""chunk_id"": 59, ""page"": 7, ""source"": ""./uploads/D1_RAG_Lewis_2020.pdf""}]","{""detailed_sources"": [{""chunk_id"": 65, ""page"": 7, ""source"": ""./uploads/D1_RAG_Lewis_2020.pdf""}, {""chunk_id"": 53, ""page"": 6, ""source"": ""./uploads/D1_RAG_Lewis_2020.pdf""}, {""chunk_id"": 59, ""page"": 7, ""source"": ""./uploads/D1_RAG_Lewis_2020.pdf""}], ""files"": [""./uploads/D1_RAG_Lewis_2020.pdf""]}"
C3,K7,Q011,3,"[{""chunk_id"": 174, ""page"": 2, ""source"": ""./uploads/D2_llama_cpp_README.pdf""}, {""chunk_id"": 171, ""page"": 1, ""source"": ""./uploads/D2_llama_cpp_README.pdf""}, {""chunk_id"": 196, ""page"": 9, ""source"": ""./uploads/D2_llama_cpp_README.pdf""}]","{""detailed_sources"": [{""chunk_id"": 174, ""page"": 2, ""source"": ""./uploads/D2_llama_cpp_README.pdf""}, {""chunk_id"": 171, ""page"": 1, ""source"": ""./uploads/D2_llama_cpp_README.pdf""}, {""chunk_id"": 196, ""page"": 9, ""source"": ""./uploads/D2_llama_cpp_README.pdf""}], ""files"": [""./uploads/D2_llama_cpp_README.pdf""]}"
C3,K7,Q012,3,"[{""chunk_id"": 174, ""page"": 2, ""source"": ""./uploads/D2_llama_cpp_README.pdf""}, {""chunk_id"": 171, ""page"": 1, ""source"": ""./uploads/D2_llama_cpp_README.pdf""}, {""chunk_id"": 196, ""page"": 9, ""source"": ""./uploads/D2_llama_cpp_README.pdf""}]","{""detailed_sources"": [{""chunk_id"": 174, ""page"": 2, ""source"": ""./uploads/D2_llama_cpp_README.pdf""}, {""chunk_id"": 171, ""page"": 1, ""source"": ""./uploads/D2_llama_cpp_README.pdf""}, {""chunk_id"": 196, ""page"": 9, ""source"": ""./uploads/D2_llama_cpp_README.pdf""}], ""files"": [""./uploads/D2_llama_cpp_README.pdf""]}"
C3,K7,Q013,3,"[{""chunk_id"": 202, ""page"": 11, ""source"": ""./uploads/D2_llama_cpp_README.pdf""}, {""chunk_id"": 174, ""page"": 2, ""source"": ""./uploads/D2_llama_cpp_README.pdf""}, {""chunk_id"": 193, ""page"": 9, ""source"": ""./uploads/D2_llama_cpp_README.pdf""}]","{""detailed_sources"": [{""chunk_id"": 202, ""page"": 11, ""source"": ""./uploads/D2_llama_cpp_README.pdf""}, {""chunk_id"": 174, ""page"": 2, ""source"": ""./uploads/D2_llama_cpp_README.pdf""}, {""chunk_id"": 193, ""page"": 9, ""source"": ""./uploads/D2_llama_cpp_README.pdf""}], ""files"": [""./uploads/D2_llama_cpp_README.pdf""]}"
C3,K7,Q014,3,"[{""chunk_id"": 176, ""page"": 2, ""source"": ""./uploads/D2_llama_cpp_README.pdf""}, {""chunk_id"": 175, ""page"": 2, ""source"": ""./uploads/D2_llama_cpp_README.pdf""}, {""chunk_id"": 167, ""page"": 19, ""source"": ""./uploads/D1_RAG_Lewis_2020.pdf""}]","{""detailed_sources"": [{""chunk_id"": 176, ""page"": 2, ""source"": ""./uploads/D2_llama_cpp_README.pdf""}, {""chunk_id"": 175, ""page"": 2, ""source"": ""./uploads/D2_llama_cpp_README.pdf""}, {""chunk_id"": 167, ""page"": 19, ""source"": ""./uploads/D1_RAG_Lewis_2020.pdf""}], ""files"": [""./uploads/D1_RAG_Lewis_2020.pdf"", ""./uploads/D2_llama_cpp_README.pdf""]}"
C3,K7,Q015,3,"[{""chunk_id"": 174, ""page"": 2, ""source"": ""./uploads/D2_llama_cpp_README.pdf""}, {""chunk_id"": 201, ""page"": 11, ""source"": ""./uploads/D2_llama_cpp_README.pdf""}, {""chunk_id"": 194, ""page"": 9, ""source"": ""./uploads/D2_llama_cpp_README.pdf""}]","{""detailed_sources"": [{""chunk_id"": 174, ""page"": 2, ""source"": ""./uploads/D2_llama_cpp_README.pdf""}, {""chunk_id"": 201, ""page"": 11, ""source"": ""./uploads/D2_llama_cpp_README.pdf""}, {""chunk_id"": 194, ""page"": 9, ""source"": ""./uploads/D2_llama_cpp_README.pdf""}], ""files"": [""./uploads/D2_llama_cpp_README.pdf""]}"
C3,K7,Q016,3,"[{""chunk_id"": 201, ""page"": 11, ""source"": ""./uploads/D2_llama_cpp_README.pdf""}, {""chunk_id"": 174, ""page"": 2, ""source"": ""./uploads/D2_llama_cpp_README.pdf""}, {""chunk_id"": 618, ""page"": 16, ""source"": ""./uploads/D4_ICO_AI_Data_Protection_Guidance.pdf""}]","{""detailed_sources"": [{""chunk_id"": 201, ""page"": 11, ""source"": ""./uploads/D2_llama_cpp_README.pdf""}, {""chunk_id"": 174, ""page"": 2, ""source"": ""./uploads/D2_llama_cpp_README.pdf""}, {""chunk_id"": 618, ""page"": 16, ""source"": ""./uploads/D4_ICO_AI_Data_Protection_Guidance.pdf""}], ""files"": [""./uploads/D4_ICO_AI_Data_Protection_Guidance.pdf"", ""./uploads/D2_llama_cpp_README.pdf""]}"
C3,K7,Q017,3,"[{""chunk_id"": 192, ""page"": 9, ""source"": ""./uploads/D2_llama_cpp_README.pdf""}, {""chunk_id"": 174, ""page"": 2, ""source"": ""./uploads/D2_llama_cpp_README.pdf""}, {""chunk_id"": 173, ""page"": 1, ""source"": ""./uploads/D2_llama_cpp_README.pdf""}]","{""detailed_sources"": [{""chunk_id"": 192, ""page"": 9, ""source"": ""./uploads/D2_llama_cpp_README.pdf""}, {""chunk_id"": 174, ""page"": 2, ""source"": ""./uploads/D2_llama_cpp_README.pdf""}, {""chunk_id"": 173, ""page"": 1, ""source"": ""./uploads/D2_llama_cpp_README.pdf""}], ""files"": [""./uploads/D2_llama_cpp_README.pdf""]}"
C3,K7,Q018,3,"[{""chunk_id"": 707, ""page"": 25, ""source"": ""./uploads/D4_ICO_AI_Data_Protection_Guidance.pdf""}, {""chunk_id"": 637, ""page"": 18, ""source"": ""./uploads/D4_ICO_AI_Data_Protection_Guidance.pdf""}, {""chunk_id"": 638, ""page"": 18, ""source"": ""./uploads/D4_ICO_AI_Data_Protection_Guidance.pdf""}]","{""detailed_sources"": [{""chunk_id"": 707, ""page"": 25, ""source"": ""./uploads/D4_ICO_AI_Data_Protection_Guidance.pdf""}, {""chunk_id"": 637, ""page"": 18, ""source"": ""./uploads/D4_ICO_AI_Data_Protection_Guidance.pdf""}, {""chunk_id"": 638, ""page"": 18, ""source"": ""./uploads/D4_ICO_AI_Data_Protection_Guidance.pdf""}], ""files"": [""./uploads/D4_ICO_AI_Data_Protection_Guidance.pdf""]}"
C3,K7,Q019,3,"[{""chunk_id"": 205, ""page"": 13, ""source"": ""./uploads/D2_llama_cpp_README.pdf""}, {""chunk_id"": 73, ""page"": 8, ""source"": ""./uploads/D1_RAG_Lewis_2020.pdf""}, {""chunk_id"": 456, ""page"": 43, ""source"": ""./uploads/D3_NIST_AI_RMF_1_0.pdf""}]","{""detailed_sources"": [{""chunk_id"": 205, ""page"": 13, ""source"": ""./uploads/D2_llama_cpp_README.pdf""}, {""chunk_id"": 73, ""page"": 8, ""source"": ""./uploads/D1_RAG_Lewis_2020.pdf""}, {""chunk_id"": 456, ""page"": 43, ""source"": ""./uploads/D3_NIST_AI_RMF_1_0.pdf""}], ""files"": [""./uploads/D3_NIST_AI_RMF_1_0.pdf"", ""./uploads/D1_RAG_Lewis_2020.pdf"", ""./uploads/D2_llama_cpp_README.pdf""]}"
C3,K7,Q020,3,"[{""chunk_id"": 175, ""page"": 2, ""source"": ""./uploads/D2_llama_cpp_README.pdf""}, {""chunk_id"": 709, ""page"": 25, ""source"": ""./uploads/D4_ICO_AI_Data_Protection_Guidance.pdf""}, {""chunk_id"": 690, ""page"": 23, ""source"": ""./uploads/D4_ICO_AI_Data_Protection_Guidance.pdf""}]","{""detailed_sources"": [{""chunk_id"": 175, ""page"": 2, ""source"": ""./uploads/D2_llama_cpp_README.pdf""}, {""chunk_id"": 709, ""page"": 25, ""source"": ""./uploads/D4_ICO_AI_Data_Protection_Guidance.pdf""}, {""chunk_id"": 690, ""page"": 23, ""source"": ""./uploads/D4_ICO_AI_Data_Protection_Guidance.pdf""}], ""files"": [""./uploads/D4_ICO_AI_Data_Protection_Guidance.pdf"", ""./uploads/D2_llama_cpp_README.pdf""]}"
C3,K7,Q021,3,"[{""chunk_id"": 248, ""page"": 9, ""source"": ""./uploads/D3_NIST_AI_RMF_1_0.pdf""}, {""chunk_id"": 344, ""page"": 24, ""source"": ""./uploads/D3_NIST_AI_RMF_1_0.pdf""}, {""chunk_id"": 243, ""page"": 8, ""source"": ""./uploads/D3_NIST_AI_RMF_1_0.pdf""}]","{""detailed_sources"": [{""chunk_id"": 248, ""page"": 9, ""source"": ""./uploads/D3_NIST_AI_RMF_1_0.pdf""}, {""chunk_id"": 344, ""page"": 24, ""source"": ""./uploads/D3_NIST_AI_RMF_1_0.pdf""}, {""chunk_id"": 243, ""page"": 8, ""source"": ""./uploads/D3_NIST_AI_RMF_1_0.pdf""}], ""files"": [""./uploads/D3_NIST_AI_RMF_1_0.pdf""]}"
C3,K7,Q022,3,"[{""chunk_id"": 416, ""page"": 36, ""source"": ""./uploads/D3_NIST_AI_RMF_1_0.pdf""}, {""chunk_id"": 258, ""page"": 10, ""source"": ""./uploads/D3_NIST_AI_RMF_1_0.pdf""}, {""chunk_id"": 275, ""page"": 13, ""source"": ""./uploads/D3_NIST_AI_RMF_1_0.pdf""}]","{""detailed_sources"": [{""chunk_id"": 416, ""page"": 36, ""source"": ""./uploads/D3_NIST_AI_RMF_1_0.pdf""}, {""chunk_id"": 258, ""page"": 10, ""source"": ""./uploads/D3_NIST_AI_RMF_1_0.pdf""}, {""chunk_id"": 275, ""page"": 13, ""source"": ""./uploads/D3_NIST_AI_RMF_1_0.pdf""}], ""files"": [""./uploads/D3_NIST_AI_RMF_1_0.pdf""]}"
C3,K7,Q023,3,"[{""chunk_id"": 298, ""page"": 17, ""source"": ""./uploads/D3_NIST_AI_RMF_1_0.pdf""}, {""chunk_id"": 304, ""page"": 18, ""source"": ""./uploads/D3_NIST_AI_RMF_1_0.pdf""}, {""chunk_id"": 299, ""page"": 17, ""source"": ""./uploads/D3_NIST_AI_RMF_1_0.pdf""}]","{""detailed_sources"": [{""chunk_id"": 298, ""page"": 17, ""source"": ""./uploads/D3_NIST_AI_RMF_1_0.pdf""}, {""chunk_id"": 304, ""page"": 18, ""source"": ""./uploads/D3_NIST_AI_RMF_1_0.pdf""}, {""chunk_id"": 299, ""page"": 17, ""source"": ""./uploads/D3_NIST_AI_RMF_1_0.pdf""}], ""files"": [""./uploads/D3_NIST_AI_RMF_1_0.pdf""]}"
C3,K7,Q024,3,"[{""chunk_id"": 482, ""page"": 47, ""source"": ""./uploads/D3_NIST_AI_RMF_1_0.pdf""}, {""chunk_id"": 415, ""page"": 36, ""source"": ""./uploads/D3_NIST_AI_RMF_1_0.pdf""}, {""chunk_id"": 428, ""page"": 38, ""source"": ""./uploads/D3_NIST_AI_RMF_1_0.pdf""}]","{""detailed_sources"": [{""chunk_id"": 482, ""page"": 47, ""source"": ""./uploads/D3_NIST_AI_RMF_1_0.pdf""}, {""chunk_id"": 415, ""page"": 36, ""source"": ""./uploads/D3_NIST_AI_RMF_1_0.pdf""}, {""chunk_id"": 428, ""page"": 38, ""source"": ""./uploads/D3_NIST_AI_RMF_1_0.pdf""}], ""files"": [""./uploads/D3_NIST_AI_RMF_1_0.pdf""]}"
C3,K7,Q025,3,"[{""chunk_id"": 250, ""page"": 9, ""source"": ""./uploads/D3_NIST_AI_RMF_1_0.pdf""}, {""chunk_id"": 268, ""page"": 12, ""source"": ""./uploads/D3_NIST_AI_RMF_1_0.pdf""}, {""chunk_id"": 460, ""page"": 44, ""source"": ""./uploads/D3_NIST_AI_RMF_1_0.pdf""}]","{""detailed_sources"": [{""chunk_id"": 250, ""page"": 9, ""source"": ""./uploads/D3_NIST_AI_RMF_1_0.pdf""}, {""chunk_id"": 268, ""page"": 12, ""source"": ""./uploads/D3_NIST_AI_RMF_1_0.pdf""}, {""chunk_id"": 460, ""page"": 44, ""source"": ""./uploads/D3_NIST_AI_RMF_1_0.pdf""}], ""files"": [""./uploads/D3_NIST_AI_RMF_1_0.pdf""]}"
C3,K7,Q026,3,"[{""chunk_id"": 462, ""page"": 44, ""source"": ""./uploads/D3_NIST_AI_RMF_1_0.pdf""}, {""chunk_id"": 240, ""page"": 7, ""source"": ""./uploads/D3_NIST_AI_RMF_1_0.pdf""}, {""chunk_id"": 481, ""page"": 47, ""source"": ""./uploads/D3_NIST_AI_RMF_1_0.pdf""}]","{""detailed_sources"": [{""chunk_id"": 462, ""page"": 44, ""source"": ""./uploads/D3_NIST_AI_RMF_1_0.pdf""}, {""chunk_id"": 240, ""page"": 7, ""source"": ""./uploads/D3_NIST_AI_RMF_1_0.pdf""}, {""chunk_id"": 481, ""page"": 47, ""source"": ""./uploads/D3_NIST_AI_RMF_1_0.pdf""}], ""files"": [""./uploads/D3_NIST_AI_RMF_1_0.pdf""]}"
C3,K7,Q027,3,"[{""chunk_id"": 380, ""page"": 30, ""source"": ""./uploads/D3_NIST_AI_RMF_1_0.pdf""}, {""chunk_id"": 254, ""page"": 9, ""source"": ""./uploads/D3_NIST_AI_RMF_1_0.pdf""}, {""chunk_id"": 384, ""page"": 31, ""source"": ""./uploads/D3_NIST_AI_RMF_1_0.pdf""}]","{""detailed_sources"": [{""chunk_id"": 380, ""page"": 30, ""source"": ""./uploads/D3_NIST_AI_RMF_1_0.pdf""}, {""chunk_id"": 254, ""page"": 9, ""source"": ""./uploads/D3_NIST_AI_RMF_1_0.pdf""}, {""chunk_id"": 384, ""page"": 31, ""source"": ""./uploads/D3_NIST_AI_RMF_1_0.pdf""}], ""files"": [""./uploads/D3_NIST_AI_RMF_1_0.pdf""]}"
C3,K7,Q028,3,"[{""chunk_id"": 248, ""page"": 9, ""source"": ""./uploads/D3_NIST_AI_RMF_1_0.pdf""}, {""chunk_id"": 273, ""page"": 12, ""source"": ""./uploads/D3_NIST_AI_RMF_1_0.pdf""}, {""chunk_id"": 259, ""page"": 10, ""source"": ""./uploads/D3_NIST_AI_RMF_1_0.pdf""}]","{""detailed_sources"": [{""chunk_id"": 248, ""page"": 9, ""source"": ""./uploads/D3_NIST_AI_RMF_1_0.pdf""}, {""chunk_id"": 273, ""page"": 12, ""source"": ""./uploads/D3_NIST_AI_RMF_1_0.pdf""}, {""chunk_id"": 259, ""page"": 10, ""source"": ""./uploads/D3_NIST_AI_RMF_1_0.pdf""}], ""files"": [""./uploads/D3_NIST_AI_RMF_1_0.pdf""]}"
C3,K7,Q029,3,"[{""chunk_id"": 226, ""page"": 5, ""source"": ""./uploads/D3_NIST_AI_RMF_1_0.pdf""}, {""chunk_id"": 379, ""page"": 30, ""source"": ""./uploads/D3_NIST_AI_RMF_1_0.pdf""}, {""chunk_id"": 359, ""page"": 27, ""source"": ""./uploads/D3_NIST_AI_RMF_1_0.pdf""}]","{""detailed_sources"": [{""chunk_id"": 226, ""page"": 5, ""source"": ""./uploads/D3_NIST_AI_RMF_1_0.pdf""}, {""chunk_id"": 379, ""page"": 30, ""source"": ""./uploads/D3_NIST_AI_RMF_1_0.pdf""}, {""chunk_id"": 359, ""page"": 27, ""source"": ""./uploads/D3_NIST_AI_RMF_1_0.pdf""}], ""files"": [""./uploads/D3_NIST_AI_RMF_1_0.pdf""]}"
C3,K7,Q030,3,"[{""chunk_id"": 593, ""page"": 14, ""source"": ""./uploads/D4_ICO_AI_Data_Protection_Guidance.pdf""}, {""chunk_id"": 491, ""page"": 1, ""source"": ""./uploads/D4_ICO_AI_Data_Protection_Guidance.pdf""}, {""chunk_id"": 600, ""page"": 14, ""source"": ""./uploads/D4_ICO_AI_Data_Protection_Guidance.pdf""}]","{""detailed_sources"": [{""chunk_id"": 593, ""page"": 14, ""source"": ""./uploads/D4_ICO_AI_Data_Protection_Guidance.pdf""}, {""chunk_id"": 491, ""page"": 1, ""source"": ""./uploads/D4_ICO_AI_Data_Protection_Guidance.pdf""}, {""chunk_id"": 600, ""page"": 14, ""source"": ""./uploads/D4_ICO_AI_Data_Protection_Guidance.pdf""}], ""files"": [""./uploads/D4_ICO_AI_Data_Protection_Guidance.pdf""]}"
C3,K7,Q031,3,"[{""chunk_id"": 504, ""page"": 3, ""source"": ""./uploads/D4_ICO_AI_Data_Protection_Guidance.pdf""}, {""chunk_id"": 505, ""page"": 3, ""source"": ""./uploads/D4_ICO_AI_Data_Protection_Guidance.pdf""}, {""chunk_id"": 323, ""page"": 20, ""source"": ""./uploads/D3_NIST_AI_RMF_1_0.pdf""}]","{""detailed_sources"": [{""chunk_id"": 504, ""page"": 3, ""source"": ""./uploads/D4_ICO_AI_Data_Protection_Guidance.pdf""}, {""chunk_id"": 505, ""page"": 3, ""source"": ""./uploads/D4_ICO_AI_Data_Protection_Guidance.pdf""}, {""chunk_id"": 323, ""page"": 20, ""source"": ""./uploads/D3_NIST_AI_RMF_1_0.pdf""}], ""files"": [""./uploads/D3_NIST_AI_RMF_1_0.pdf"", ""./uploads/D4_ICO_AI_Data_Protection_Guidance.pdf""]}"
C3,K7,Q032,3,"[{""chunk_id"": 508, ""page"": 4, ""source"": ""./uploads/D4_ICO_AI_Data_Protection_Guidance.pdf""}, {""chunk_id"": 534, ""page"": 7, ""source"": ""./uploads/D4_ICO_AI_Data_Protection_Guidance.pdf""}, {""chunk_id"": 509, ""page"": 4, ""source"": ""./uploads/D4_ICO_AI_Data_Protection_Guidance.pdf""}]","{""detailed_sources"": [{""chunk_id"": 508, ""page"": 4, ""source"": ""./uploads/D4_ICO_AI_Data_Protection_Guidance.pdf""}, {""chunk_id"": 534, ""page"": 7, ""source"": ""./uploads/D4_ICO_AI_Data_Protection_Guidance.pdf""}, {""chunk_id"": 509, ""page"": 4, ""source"": ""./uploads/D4_ICO_AI_Data_Protection_Guidance.pdf""}], ""files"": [""./uploads/D4_ICO_AI_Data_Protection_Guidance.pdf""]}"
C3,K7,Q033,3,"[{""chunk_id"": 567, ""page"": 11, ""source"": ""./uploads/D4_ICO_AI_Data_Protection_Guidance.pdf""}, {""chunk_id"": 568, ""page"": 11, ""source"": ""./uploads/D4_ICO_AI_Data_Protection_Guidance.pdf""}, {""chunk_id"": 574, ""page"": 12, ""source"": ""./uploads/D4_ICO_AI_Data_Protection_Guidance.pdf""}]","{""detailed_sources"": [{""chunk_id"": 567, ""page"": 11, ""source"": ""./uploads/D4_ICO_AI_Data_Protection_Guidance.pdf""}, {""chunk_id"": 568, ""page"": 11, ""source"": ""./uploads/D4_ICO_AI_Data_Protection_Guidance.pdf""}, {""chunk_id"": 574, ""page"": 12, ""source"": ""./uploads/D4_ICO_AI_Data_Protection_Guidance.pdf""}], ""files"": [""./uploads/D4_ICO_AI_Data_Protection_Guidance.pdf""]}"
C3,K7,Q034,3,"[{""chunk_id"": 600, ""page"": 14, ""source"": ""./uploads/D4_ICO_AI_Data_Protection_Guidance.pdf""}, {""chunk_id"": 602, ""page"": 15, ""source"": ""./uploads/D4_ICO_AI_Data_Protection_Guidance.pdf""}, {""chunk_id"": 599, ""page"": 14, ""source"": ""./uploads/D4_ICO_AI_Data_Protection_Guidance.pdf""}]","{""detailed_sources"": [{""chunk_id"": 600, ""page"": 14, ""source"": ""./uploads/D4_ICO_AI_Data_Protection_Guidance.pdf""}, {""chunk_id"": 602, ""page"": 15, ""source"": ""./uploads/D4_ICO_AI_Data_Protection_Guidance.pdf""}, {""chunk_id"": 599, ""page"": 14, ""source"": ""./uploads/D4_ICO_AI_Data_Protection_Guidance.pdf""}], ""files"": [""./uploads/D4_ICO_AI_Data_Protection_Guidance.pdf""]}"
C3,K7,Q035,3,"[{""chunk_id"": 653, ""page"": 20, ""source"": ""./uploads/D4_ICO_AI_Data_Protection_Guidance.pdf""}, {""chunk_id"": 651, ""page"": 20, ""source"": ""./uploads/D4_ICO_AI_Data_Protection_Guidance.pdf""}, {""chunk_id"": 654, ""page"": 20, ""source"": ""./uploads/D4_ICO_AI_Data_Protection_Guidance.pdf""}]","{""detailed_sources"": [{""chunk_id"": 653, ""page"": 20, ""source"": ""./uploads/D4_ICO_AI_Data_Protection_Guidance.pdf""}, {""chunk_id"": 651, ""page"": 20, ""source"": ""./uploads/D4_ICO_AI_Data_Protection_Guidance.pdf""}, {""chunk_id"": 654, ""page"": 20, ""source"": ""./uploads/D4_ICO_AI_Data_Protection_Guidance.pdf""}], ""files"": [""./uploads/D4_ICO_AI_Data_Protection_Guidance.pdf""]}"
C3,K7,Q036,3,"[{""chunk_id"": 654, ""page"": 20, ""source"": ""./uploads/D4_ICO_AI_Data_Protection_Guidance.pdf""}, {""chunk_id"": 711, ""page"": 26, ""source"": ""./uploads/D4_ICO_AI_Data_Protection_Guidance.pdf""}, {""chunk_id"": 334, ""page"": 22, ""source"": ""./uploads/D3_NIST_AI_RMF_1_0.pdf""}]","{""detailed_sources"": [{""chunk_id"": 654, ""page"": 20, ""source"": ""./uploads/D4_ICO_AI_Data_Protection_Guidance.pdf""}, {""chunk_id"": 711, ""page"": 26, ""source"": ""./uploads/D4_ICO_AI_Data_Protection_Guidance.pdf""}, {""chunk_id"": 334, ""page"": 22, ""source"": ""./uploads/D3_NIST_AI_RMF_1_0.pdf""}], ""files"": [""./uploads/D3_NIST_AI_RMF_1_0.pdf"", ""./uploads/D4_ICO_AI_Data_Protection_Guidance.pdf""]}"
C3,K7,Q037,3,"[{""chunk_id"": 709, ""page"": 25, ""source"": ""./uploads/D4_ICO_AI_Data_Protection_Guidance.pdf""}, {""chunk_id"": 543, ""page"": 8, ""source"": ""./uploads/D4_ICO_AI_Data_Protection_Guidance.pdf""}, {""chunk_id"": 541, ""page"": 8, ""source"": ""./uploads/D4_ICO_AI_Data_Protection_Guidance.pdf""}]","{""detailed_sources"": [{""chunk_id"": 709, ""page"": 25, ""source"": ""./uploads/D4_ICO_AI_Data_Protection_Guidance.pdf""}, {""chunk_id"": 543, ""page"": 8, ""source"": ""./uploads/D4_ICO_AI_Data_Protection_Guidance.pdf""}, {""chunk_id"": 541, ""page"": 8, ""source"": ""./uploads/D4_ICO_AI_Data_Protection_Guidance.pdf""}], ""files"": [""./uploads/D4_ICO_AI_Data_Protection_Guidance.pdf""]}"
C3,K7,Q038,3,"[{""chunk_id"": 50, ""page"": 6, ""source"": ""./uploads/D1_RAG_Lewis_2020.pdf""}, {""chunk_id"": 33, ""page"": 4, ""source"": ""./uploads/D1_RAG_Lewis_2020.pdf""}, {""chunk_id"": 35, ""page"": 4, ""source"": ""./uploads/D1_RAG_Lewis_2020.pdf""}]","{""detailed_sources"": [{""chunk_id"": 50, ""page"": 6, ""source"": ""./uploads/D1_RAG_Lewis_2020.pdf""}, {""chunk_id"": 33, ""page"": 4, ""source"": ""./uploads/D1_RAG_Lewis_2020.pdf""}, {""chunk_id"": 35, ""page"": 4, ""source"": ""./uploads/D1_RAG_Lewis_2020.pdf""}], ""files"": [""./uploads/D1_RAG_Lewis_2020.pdf""]}"
C3,K7,Q039,3,"[{""chunk_id"": 335, ""page"": 22, ""source"": ""./uploads/D3_NIST_AI_RMF_1_0.pdf""}, {""chunk_id"": 334, ""page"": 22, ""source"": ""./uploads/D3_NIST_AI_RMF_1_0.pdf""}, {""chunk_id"": 654, ""page"": 20, ""source"": ""./uploads/D4_ICO_AI_Data_Protection_Guidance.pdf""}]","{""detailed_sources"": [{""chunk_id"": 335, ""page"": 22, ""source"": ""./uploads/D3_NIST_AI_RMF_1_0.pdf""}, {""chunk_id"": 334, ""page"": 22, ""source"": ""./uploads/D3_NIST_AI_RMF_1_0.pdf""}, {""chunk_id"": 654, ""page"": 20, ""source"": ""./uploads/D4_ICO_AI_Data_Protection_Guidance.pdf""}], ""files"": [""./uploads/D3_NIST_AI_RMF_1_0.pdf"", ""./uploads/D4_ICO_AI_Data_Protection_Guidance.pdf""]}"
C3,K7,Q040,3,"[{""chunk_id"": 41, ""page"": 5, ""source"": ""./uploads/D1_RAG_Lewis_2020.pdf""}, {""chunk_id"": 75, ""page"": 8, ""source"": ""./uploads/D1_RAG_Lewis_2020.pdf""}, {""chunk_id"": 160, ""page"": 18, ""source"": ""./uploads/D1_RAG_Lewis_2020.pdf""}]","{""detailed_sources"": [{""chunk_id"": 41, ""page"": 5, ""source"": ""./uploads/D1_RAG_Lewis_2020.pdf""}, {""chunk_id"": 75, ""page"": 8, ""source"": ""./uploads/D1_RAG_Lewis_2020.pdf""}, {""chunk_id"": 160, ""page"": 18, ""source"": ""./uploads/D1_RAG_Lewis_2020.pdf""}], ""files"": [""./uploads/D1_RAG_Lewis_2020.pdf""]}"
