blind_answer_id,blind_model_code,question_id,source_id,source_title,question_type,difficulty,documents_needed,question_text,expected_answer_notes,evidence_location,generated_answer,relevance,correctness,faithfulness_to_source,completeness,hallucination_risk,source_grounding,average_quality_score,scoring_notes,scored_by,scored_date
R9-Q038-R1,R9,Q038,D1+D2,RAG Paper and llama.cpp README,comparison,hard,multiple_documents,How do RAG and local deployment address different parts of the question-answering problem?,"A good answer should say that RAG addresses knowledge grounding by retrieving and using source passages, while local deployment addresses where inference runs and what hardware/runtime is used. They solve different but complementary problems: answer grounding and practical private execution.",D1 abstract/Methods; D2 README Description/llama-server,"RAG and local deployment address different parts of the question-answering problem in the following ways:

1. **RAG (Recurrent and Attentional Generation)**:
   - **Recurrent Neural Networks (RNNs)**: RAG utilizes RNNs to capture the sequential nature of text, allowing it to handle long-range dependencies and context.
   - **Attention Mechanisms**: It employs attention mechanisms to focus on relevant parts of the input text, improving the model's ability to understand and respond to complex questions.
   - **Multi-Head Attention**: This allows RAG to consider multiple aspects of the input text simultaneously, enhancing its ability to generate accurate and contextually relevant answers.
   - **Recurrent Neural Networks (RNNs)**: RAG uses RNNs to handle the sequential nature of text, allowing it to capture long-range dependencies and context.
   - **Attention Mechanisms**: It employs attention mechanisms to focus on relevant parts of the input text, improving the model's ability to understand and respond to complex questions.
   - **Multi-Head Attention**: This allows RAG to consider multiple aspects of the input text simultaneously, enhancing its ability to generate accurate and contextually relevant answers.
   - **Recurrent Neural Networks (RNNs)**: RAG uses RNNs to handle the sequential nature of text, allowing it to capture long-range dependencies and context.
   - **Attention Mechanisms**: It employs attention mechanisms to focus on relevant parts of the input text, improving the model's ability to understand and respond to complex questions.
   - **Multi-Head Attention**: This allows RAG to consider multiple aspects of the input text simultaneously, enhancing its ability to generate accurate and contextually relevant answers.
   - **Recurrent Neural Networks (RNNs)**: RAG uses RNNs to handle the sequential nature of text, allowing it to capture long-range dependencies and context.
   - **Attention Mechanisms**: It employs attention mechanisms to focus on relevant parts of the input text, improving the model's ability to understand and respond to complex questions.
   - **Multi-Head Attention**: This allows RAG to consider multiple aspects of the input text simultaneously, enhancing its ability to generate accurate and contextually relevant answers.
   - **Recurrent Neural Networks (RNNs)**: RAG uses RNNs to handle the sequential nature of text, allowing it to capture long-range dependencies and context.
   - **Attention Mechanisms**: It employs attention mechanisms to focus on relevant parts of the input text",,,,,,,,,,
K8-Q008-R1,K8,Q008,D1,RAG Paper,boundary_limitation,medium,one_document,What limitation of large pre-trained models motivates the use of retrieval?,"A good answer should state that large pre-trained models can store knowledge but may struggle to access, manipulate, update, or explain it reliably. They may also hallucinate or fail to provide provenance.",D1 abstract; D1 Introduction paragraphs 1-2,"The limitation of large pre-trained models, which has been shown to store factual knowledge in their parameters and achieve state-of-the-art results when ne-tuned on downstream NLP tasks, motivates the need for a retrieval-based approach. This is because while there is significant work on learning to optimize the retrieval module for a specific downstream task such as question answering, using search, reinforcement learning, or a latent variable approach, these successes do not leverage different retrieval-based architectures and achieve strong performance across both discriminative and generative tasks. For further improvement, BART [32] and T5 [51, 52] propose a single, pre-trained encoder-decoder model that leverages bi-directional attention to achieve stronger performance on discriminative and generative tasks. Therefore, the use of retrieval-based approaches is motivated by the need to expand the space of possible tasks with a single, unified architecture, as a single, unified architecture can potentially achieve stronger performance across a range of downstream tasks.",,,,,,,,,,
K8-Q020-R1,K8,Q020,D2,llama.cpp README,boundary_limitation,hard,one_document,What deployment limitation might still remain even if the runtime supports local inference?,"A good answer should note that local inference does not remove limits such as model size, memory, CPU/GPU speed, supported formats, software setup, and security of the local device. It should present local deployment as practical but still constrained.",D2 README Description; D2 Quick start; D4 ICO security/data minimisation context,"Based on the provided context, it seems that the main issue is related to the limitations of the deployment of a particular system or method, particularly in relation to local inference and privacy attacks. However, the specific context provided is not complete and seems to be a general statement rather than a direct question. 

To be more precise, the context suggests that there is a challenge in the deployment of a particular system or method, particularly in relation to local inference and privacy attacks. The answer provided seems to be a general statement rather than a direct question.

This context appears to be a general statement rather than a direct question, and the answer provided seems to be a general statement rather than a direct question. The context is not complete and seems to be a general statement rather than a direct question. The answer provided is not relevant to the context and seems to be a general statement rather than a direct question. The context and answer do not match and are not relevant to the question. The context and answer are not relevant and seem to be a general statement rather than a direct question. The context and answer are not relevant and seem to be a general statement rather than a direct question. The context and answer are not relevant and seem to be a general statement rather than a direct question. The context and answer are not relevant and seem to be a general statement rather than a direct question. The context and answer are not relevant and seem to be a general statement rather than a direct question. The context and answer are not relevant and seem to be a general statement rather than a direct question. The context and answer are not relevant and seem to be a general statement rather than a direct question. The context and answer are not relevant and seem to be a general statement rather than a direct question. The context and answer are not relevant and seem to be a general statement rather than a direct question. The context and answer are not relevant and seem to be a general statement rather than a direct question. The context and answer are not relevant and seem to be a general statement rather than a direct question. The context and answer are not relevant and seem to be a general statement rather than a direct question. The context and answer are not relevant and seem to be a general statement rather than a direct question. The context and answer are not relevant and seem to be a general statement rather than a direct question. The context and answer are not relevant and seem to be a general statement rather than a direct question. The context and answer are not relevant and seem to be a general statement rather than a direct question",,,,,,,,,,
M4-Q034-R1,M4,Q034,D4,ICO AI Data Protection Guidance,explanation,medium,one_document,How do security and data minimisation relate to AI deployment?,"A good answer should state that AI systems can worsen security risks and make data minimisation harder. Organisations should process personal data securely, assess risk, document data movements, delete unnecessary intermediate files, and use minimisation or privacy-preserving techniques where appropriate.",D4 ICO security and data minimisation chapter,"Security and data minimisation are crucial aspects when deploying AI systems. AI can introduce new security risks, making it harder to manage these risks effectively. The data minimisation principle aims to reduce the amount of personal data processed, ensuring appropriate levels of security and ensuring the data is fit for purpose. Techniques are presented to help with both data minimisation and effective AI development and deployment. This section is aimed at technical professionals associated with security and data minimisation in AI.",,,,,,,,,,
T2-Q008-R1,T2,Q008,D1,RAG Paper,boundary_limitation,medium,one_document,What limitation of large pre-trained models motivates the use of retrieval?,"A good answer should state that large pre-trained models can store knowledge but may struggle to access, manipulate, update, or explain it reliably. They may also hallucinate or fail to provide provenance.",D1 abstract; D1 Introduction paragraphs 1-2,"The limitation of large pre-trained models that motivates the use of retrieval is that they often store factual knowledge in their parameters, which can lead to overfitting and decreased performance when fine-tuning on downstream tasks such as question answering.

In other words, large pre-trained models have been shown to retain a lot of knowledge from the training data, which can be difficult to transfer to new tasks. This can result in poor performance on tasks that require a deep understanding of the training data, such as question answering.

Retrieval, on the other hand, is a technique used to extract relevant information from a large corpus of documents or data. In the context of large pre-trained models, retrieval can be used to augment the model's performance by providing additional information that can be used to improve downstream tasks.

By learning a retrieval module to augment pre-trained, generative language models, researchers can leverage the strengths of both the model and the retrieval technique to achieve state-of-the-art results on a wider range of tasks.",,,,,,,,,,
R9-Q008-R1,R9,Q008,D1,RAG Paper,boundary_limitation,medium,one_document,What limitation of large pre-trained models motivates the use of retrieval?,"A good answer should state that large pre-trained models can store knowledge but may struggle to access, manipulate, update, or explain it reliably. They may also hallucinate or fail to provide provenance.",D1 abstract; D1 Introduction paragraphs 1-2,"The limitation of large pre-trained models is their inability to directly access and retrieve information from external sources, such as databases or the internet. This limitation is motivated by the desire to expand the space of possible tasks that can be addressed with a single, unified architecture, by learning a retrieval module to augment pre-trained, generative language models.",,,,,,,,,,
K8-Q025-R1,K8,Q025,D3,NIST AI RMF,comparison,medium,one_document,Why should risks to individuals organisations and society be considered separately?,"A good answer should explain that AI impacts can occur at different levels: individual harms, organisational failures, and wider societal effects. Treating them separately helps avoid reducing risk to only model accuracy or technical performance.",D3 AI RMF web overview; D3 Executive Summary; D3 Framing Risk,"    The context provided indicates that risks should be considered separately for individuals, organizations, and society because they are interconnected and the actions taken to manage them can have different impacts on each. For example, if an AI system is used to manage a company's operations, the AI system might be designed to manage risks related to the company's business, but the AI system could also be used to manage risks related to the AI system itself, such as cybersecurity vulnerabilities. Therefore, it is important to consider the AI system as part of the broader context of risk management, as it is a part of the AI system's ecosystem and its use. This is consistent with the broader context of risk management, which refers to coordinated activities to direct and control an organization with regard to risk. The context also mentions that risk tolerances can be influenced by policies and norms established by AI system owners, organizations, industries, or policy makers. This suggests that there are different contexts and application and use-case specific. The context also mentions that different organizations may have varied risk tolerances due to their particular organizational priorities and resource considerations. This indicates that the context is a main source of the question and answer. The context also mentions that emerging knowledge and risks are also considered as part of broader enterprise risk management considerations, which may incorporate AI risks. This suggests that the context is a main source of the context and the question and answer. The context also mentions that different organizations may have varied risk tolerances due to their particular organizational priorities and resource considerations. This indicates that the context is a main source of the question and context and the context and the answer. The context also mentions that emerging knowledge and risks are also considered as part of broader enterprise risk management considerations, which may incorporate AI risks. This suggests that the context is a main source of the question and context and the context and the context and the answer. The context also mentions that different organizations may have varied risk tolerances due to their particular organizational priorities and resource considerations. This suggests that the context is a main source of the question and context and the context and the context and the context and the context and the context and the context and the context and the context and the context and the context and the context and the context and the context and the context and the context and the context and the context and the context and the context and the context and the context and the context and the context and the context and the context and the context and the context and the context and the context and the context and the context and the context and the context and the",,,,,,,,,,
M4-Q003-R1,M4,Q003,D1,RAG Paper,explanation,medium,one_document,Why is provenance important in a question-answering system?,"A good answer should connect provenance to knowing where an answer came from. It should explain that retrieved evidence can be inspected, interpreted, or cited, which helps users judge whether the answer is grounded rather than invented.",D1 abstract; D1 Introduction,"The question ""Why is provenance important in a question-answering system?"" is not covered in the provided context.",,,,,,,,,,
K8-Q010-R1,K8,Q010,D1,RAG Paper,source_grounded_synthesis,hard,one_document,What does RAG add to a standard language generation system?,"A good answer should say that RAG adds an external retrieval component and a document index to a generator. The retriever supplies relevant passages, and the generator uses them with the input to produce a document-grounded output.",D1 Figure 1; D1 Methods section 2,"RAG (Reversible and Adaptive Generations) adds a significant amount of diversity to a standard language generation system by introducing more diverse retrieval mechanisms. The system is more effective in generating responses that are more specific and factually accurate compared to a state-of-the-art generation model. This is demonstrated through the use of a word overlap-based comparison, where the model is more factual in only 7.1% of cases, while the model is more factual in 42.7% of cases, and both the models are factual in a further 17% of cases, showing the effectiveness of RAG on the task over a state-of-the-art generation model. Additionally, the model is more specific and factually accurate in generating responses for Jeopardy generation tasks, where it is able to generate responses more effectively than the BART model, demonstrating its effectiveness in specific language generation tasks.",,,,,,,,,,
T2-Q017-R1,T2,Q017,D2,llama.cpp README,fact_retrieval,medium,one_document,What hardware or backend options are described as relevant to llama.cpp deployment?,"A good answer should mention at least several of the supported hardware/backend options such as x86 CPU instruction sets, Apple silicon, CUDA, HIP, Vulkan, SYCL, and CPU+GPU hybrid inference.",D2 README Description hardware/backend bullets,"Based on the context, the following hardware or backend options are described as relevant to llama.cpp deployment:

1. **GPU**: Llama.cpp is a GPU-accelerated language model inference system, which means it requires a powerful GPU to run efficiently.
2. **VirtGPU**: VirtGPU is a virtual GPU API that allows for GPU acceleration on Linux systems, making it a relevant option for deploying Llama.cpp.
3. **WebGPU**: WebGPU is a web GPU API that enables GPU acceleration on web browsers, making it another relevant option for deploying Llama.cpp.

Additionally, the following hardware or backend options are mentioned as relevant to llama.cpp deployment:

1. **IBM zDNN**: IBM zDNN is a deep learning framework that provides a GPU-accelerated interface, making it a relevant option for deploying Llama.cpp.
2. **IBM Z & LinuxONE**: IBM Z and LinuxONE are high-performance computing platforms that support GPU acceleration, making them relevant options for deploying Llama.cpp.

It's worth noting that the following options are not mentioned as relevant to llama.cpp deployment:

1. **Adreno GPU**: Adreno is a GPU-accelerated graphics processing unit (GPU) manufacturer, but it's not directly related to Llama.cpp deployment.
2. **All**: This option is too vague and doesn't provide any specific information about relevant hardware or backend options.
3. **Hexagon**: Hexagon is a GPU manufacturer, but it's not directly related to Llama.cpp deployment.
4. **CANN**: CANN is not a well-known GPU manufacturer, and it's not directly related to Llama.cpp deployment.
5. **OpenCL**: OpenCL is a programming model for parallel computing on heterogeneous hardware, but it's not directly related to Llama.cpp deployment.
6. **RPC**: RPC (Remote Procedure Call) is a communication protocol, but it's not directly related to Llama.cpp deployment.
7. **Llama-cli**: Llama-cli is a command-line interface for interacting with Llama.cpp, but it's not a hardware or backend option itself.

Please note that the context may not be exhaustive, and additional information may be required to provide a more comprehensive answer.",,,,,,,,,,
K8-Q036-R1,K8,Q036,D4,ICO AI Data Protection Guidance,source_grounded_synthesis,hard,one_document,How can local deployment reduce some privacy risks while leaving other data protection responsibilities in place?,"A good answer should say local deployment can reduce transfer of questions or documents to external providers, but responsibilities remain for lawful processing, transparency, security, data minimisation, logging, retention, and access control on the local system.",D4 ICO transparency; lawfulness; security and data minimisation chapters,"Deploying a machine learning (ML) model locally can help reduce some privacy risks, but it is not sufficient to leave other data protection responsibilities intact. To fully assess the risk of personal data used to train the model being exposed as a result of its deployment, it is necessary to collaborate with the clients. This involves understanding the particular deployment contexts and associated threat models. The procurement policy should include sufficient information sharing between each party to perform their respective respective responsibilities. This involves understanding the development stage, where personal data is being processed to train the model, and the deployment stage, where the results of the model are applied to other individuals who were not part of the training dataset. The development stage involves the processing of personal data, while the deployment stage involves the application of the model's results to other individuals.",,,,,,,,,,
A7-Q007-R1,A7,Q007,D1,RAG Paper,fact_retrieval,easy,one_document,According to the paper what kinds of tasks are considered knowledge-intensive?,"A good answer should mention open-domain question answering, abstractive QA, question generation, and fact verification as examples used in the paper. It may also explain that these are tasks where external knowledge is needed.",D1 Experiments section 3; D1 sections 3.1-3.4,"According to the paper, the tasks considered knowledge-intensive are those that involve ar-ticulating and documenting the systems concept and objectives, underlying assumptions, context, and requirements. This includes gathering and cleaning data, documenting metadata and characteristics of the dataset, and ensuring the systems concept and objectives are ar-ticulated and documented.",,,,,,,,,,
A7-Q008-R1,A7,Q008,D1,RAG Paper,boundary_limitation,medium,one_document,What limitation of large pre-trained models motivates the use of retrieval?,"A good answer should state that large pre-trained models can store knowledge but may struggle to access, manipulate, update, or explain it reliably. They may also hallucinate or fail to provide provenance.",D1 abstract; D1 Introduction paragraphs 1-2,"The retrieved context suggests that a limitation of large pre-trained models is that they store factual knowledge within their parameters, which can lead to challenges when fine-tuning for specific downstream tasks. Specifically, the context highlights that research has focused on optimizing retrieval modules to aid in tasks like question answering, using search, reinforcement learning, or latent variable approaches. This suggests that these models might struggle with tasks requiring precise, targeted knowledge retrieval.",,,,,,,,,,
A7-Q003-R1,A7,Q003,D1,RAG Paper,explanation,medium,one_document,Why is provenance important in a question-answering system?,"A good answer should connect provenance to knowing where an answer came from. It should explain that retrieved evidence can be inspected, interpreted, or cited, which helps users judge whether the answer is grounded rather than invented.",D1 abstract; D1 Introduction,"Provenance is a crucial aspect of question-answering systems because it focuses on the origin and trustworthiness of the information used to generate answers. Essentially, it addresses the question of *where* the answer came from – whether it’s based on reliable sources and verified data.  Without provenance, it’s difficult to assess the accuracy and reliability of a system’s response.  It’s about establishing a chain of evidence, ensuring that the system’s answer is grounded in verifiable facts.  This is particularly important in areas like knowledge-based question answering and when dealing with potentially misleading or fabricated information.  The system needs to trace back the source of the answer to verify its validity.

Here’s a breakdown of why provenance is important, drawing from the provided context:

*   **Trustworthiness:** Provenance helps build trust in the system's answers by demonstrating that they are based on reliable data.
*   **Fact Verification:** It’s a key component in verifying the factual correctness of generated responses.
*   **Error Detection:**  Tracing back the source can help identify potential errors or inconsistencies in the system's reasoning.
*   **Contextual Understanding:**  Provenance can provide valuable context for understanding the question and the system's response.

",,,,,,,,,,
R9-Q007-R1,R9,Q007,D1,RAG Paper,fact_retrieval,easy,one_document,According to the paper what kinds of tasks are considered knowledge-intensive?,"A good answer should mention open-domain question answering, abstractive QA, question generation, and fact verification as examples used in the paper. It may also explain that these are tasks where external knowledge is needed.",D1 Experiments section 3; D1 sections 3.1-3.4,"According to the paper, tasks that are considered knowledge-intensive include open-domain question answering, fact checking, fact completion, long-form question answering, Wikipedia article generation, dialogue, translation, and language modeling.",,,,,,,,,,
F3-Q020-R1,F3,Q020,D2,llama.cpp README,boundary_limitation,hard,one_document,What deployment limitation might still remain even if the runtime supports local inference?,"A good answer should note that local inference does not remove limits such as model size, memory, CPU/GPU speed, supported formats, software setup, and security of the local device. It should present local deployment as practical but still constrained.",D2 README Description; D2 Quick start; D4 ICO security/data minimisation context,"Even if the runtime supports local inference, there might still be limitations that prevent it from fully leveraging the potential of local inference. These limitations could include:

1. **Data Privacy and Security**: Local inference can be less secure compared to distributed inference, which can handle larger datasets and more complex models. Local inference may not be able to provide the same level of data privacy and security as distributed inference, which can handle larger datasets and more complex models.

2. **Resource Constraints**: Local inference may not be able to fully utilize the computational resources available in a local environment. This could limit the scalability and efficiency of the model, especially if the model is complex or large.

3. **Model Complexity**: Local inference may not be able to fully leverage the complexity of the model. Local inference can be limited by the size and complexity of the model, which can make it difficult to train and deploy the model effectively.

4. **Data Quality**: Local inference may not be able to fully utilize the quality of the data available in a local environment. Local inference can be limited by the quality of the data, which can make it difficult to train and deploy the model effectively.

5. **Model Performance**: Local inference may not be able to fully leverage the performance of the model. Local inference can be limited by the performance of the model, which can make it difficult to train and deploy the model effectively.

To mitigate these limitations, it is important to:

1. **Implement Data Privacy and Security**: Ensure that local inference is secure and that the data is protected from potential data privacy and security threats.

2. **Monitor and Test**: Monitor the model during deployment and test it thoroughly to ensure that it is functioning as intended and that it is not being used for malicious purposes.

3. **Use a Common Terminology**: Use a common terminology that staff can use to discuss statistical accuracy performance measures, including their limitations and any adverse impact on individuals.

4. **Consider White Box Attacks**: Consider the risk of white box attacks and assess the appropriate measures to evaluate it from the design phase and test it thoroughly.

5. **Ensure Scalability and Efficiency**: Ensure that the model can be deployed and trained efficiently, even if the runtime supports local inference.

6. **Use a Common Framework**: Use a common framework that staff can use to discuss statistical accuracy performance measures, including their limitations and any adverse impact on individuals.

7. **Regular Audits**: Regularly audit the model and its performance to ensure that it is functioning as intended and that it is not being used for malicious purposes",,,,,,,,,,
T2-Q034-R1,T2,Q034,D4,ICO AI Data Protection Guidance,explanation,medium,one_document,How do security and data minimisation relate to AI deployment?,"A good answer should state that AI systems can worsen security risks and make data minimisation harder. Organisations should process personal data securely, assess risk, document data movements, delete unnecessary intermediate files, and use minimisation or privacy-preserving techniques where appropriate.",D4 ICO security and data minimisation chapter,"Assessing security and data minimisation in AI is crucial to ensure that AI systems are developed and deployed in a secure and responsible manner. Here's a rephrased version of the information, combined with relevant parts, and added general knowledge for obvious facts:

**Assessing Security and Data Minimisation in AI:**

When assessing security and data minimisation in AI, it's essential to consider the potential risks and challenges associated with these technologies. Here are some key points to consider:

1. **Exacerbating known security risks**: AI systems can introduce new security risks, such as increased vulnerability to cyber attacks, data breaches, and unauthorized access to sensitive information.
2. **Challenges for compliance**: Ensuring compliance with data minimisation principles can be complex, especially when dealing with large-scale AI systems that involve sensitive personal data.
3. **Techniques for effective AI development and deployment**: To mitigate these risks, it's essential to employ techniques such as data minimisation, privacy-preserving, and secure data storage.

**Security Risks Introduced by AI:**

AI systems can introduce various security risks, including:

1. **Data breaches**: AI models can be vulnerable to data breaches, especially if they are not properly secured or if they are used to access sensitive information.
2. **Unauthorized access**: AI systems can be used to access sensitive information without proper authorization, which can lead to unauthorized access and data breaches.
3. **Malicious attacks**: AI models can be used to launch malicious attacks, such as AI-powered phishing or AI-generated malware.

**Managing Privacy Attacks on AI Models:**

To manage privacy attacks on AI models, consider the following steps:

1. **Implement data minimisation**: Ensure that only necessary data is collected and processed, and that the minimum amount of data is required to achieve the desired outcome.
2. **Use privacy-preserving techniques**: Implement techniques such as homomorphic encryption, differential privacy, or secure multi-party computation to protect sensitive information.
3. **Implement secure data storage**: Use secure data storage mechanisms, such as encrypted storage or secure cloud storage, to protect sensitive information.

**Available Data Minimisation and Privacy-Preserving Techniques:**

Several techniques are available to help with data minimisation and privacy-preserving in AI systems, including:

1. **Data anonymization**: Anonymizing data can help protect sensitive information while still allowing for meaningful analysis.
2. **Data aggregation**: Aggregating data can help reduce the amount of sensitive information required to achieve a desired outcome.
3.",,,,,,,,,,
M4-Q020-R1,M4,Q020,D2,llama.cpp README,boundary_limitation,hard,one_document,What deployment limitation might still remain even if the runtime supports local inference?,"A good answer should note that local inference does not remove limits such as model size, memory, CPU/GPU speed, supported formats, software setup, and security of the local device. It should present local deployment as practical but still constrained.",D2 README Description; D2 Quick start; D4 ICO security/data minimisation context,The deployment limitation that might still remain even if the runtime supports local inference is the restriction on the number of queries that can be performed by a particular user within a given time limit.,,,,,,,,,,
F3-Q038-R1,F3,Q038,D1+D2,RAG Paper and llama.cpp README,comparison,hard,multiple_documents,How do RAG and local deployment address different parts of the question-answering problem?,"A good answer should say that RAG addresses knowledge grounding by retrieving and using source passages, while local deployment addresses where inference runs and what hardware/runtime is used. They solve different but complementary problems: answer grounding and practical private execution.",D1 abstract/Methods; D2 README Description/llama-server,"RAG and local deployment address the following parts of the question-answering problem:

1. **Context Understanding**: RAG can generate correct answers even when the correct answer is not in any retrieved document, achieving 11.8% accuracy in such cases for NQ, where an extractive model would score 0%. This demonstrates the ability of RAG to handle ambiguous or incomplete questions effectively.

2. **Abstractive Question Answering**: RAG-Sequence outperforms BART on Open MS-MARCO NLG by 2.6 Bleu points and 2.6 Rouge-L points. This indicates that RAG's ability to generate free-form, abstractive text generation is superior to BART, which is a state-of-the-art model in this area.

3. **Local Deployment**: RAG models can go beyond simple extractive QA and answer questions with free-form, abstractive text generation. This capability allows RAG to generate more complex and nuanced answers that are not limited by the structure of the input text. This is particularly useful in scenarios where the input text is not well-structured or contains irrelevant information.

4. **Context Understanding**: RAG can handle ambiguous or incomplete questions effectively, which is crucial for real-world applications where the input text is not well-structured or contains irrelevant information. This makes RAG a more robust and versatile model for question-answering tasks.

5. **Abstractive Question Answering**: RAG-Sequence outperforms BART on Open MS-MARCO NLG by 2.6 Bleu points and 2.6 Rouge-L points, which demonstrates the ability of RAG to generate free-form, abstractive text generation. This is particularly useful in scenarios where the input text is not well-structured or contains irrelevant information.

In summary, RAG and local deployment address the context understanding, abstractive question answering, and local deployment aspects of the question-answering problem, making them more versatile and effective in handling various real-world applications.",,,,,,,,,,
K8-Q007-R1,K8,Q007,D1,RAG Paper,fact_retrieval,easy,one_document,According to the paper what kinds of tasks are considered knowledge-intensive?,"A good answer should mention open-domain question answering, abstractive QA, question generation, and fact verification as examples used in the paper. It may also explain that these are tasks where external knowledge is needed.",D1 Experiments section 3; D1 sections 3.1-3.4,"Based on the context provided, it seems that the paper is discussing tasks that are considered knowledge-intensive. These tasks include:

1. **Ar-ithmetic and reasoning** - Tasks that involve understanding and manipulating numbers and logical reasoning.
2. **Domain-specific knowledge** - Tasks that require knowledge specific to a particular field or area.
3. **Contextual understanding** - Tasks that involve interpreting and understanding the context of a problem or situation.
4. **Data-driven** - Tasks that rely heavily on data and its analysis.
5. **User-generated content** - Tasks that involve interacting with and understanding user-generated data, such as through dialogue, question answering, or translation.

The paper suggests that these tasks are considered knowledge-intensive because they require a deep understanding of the data and its context, making them challenging and requiring significant knowledge and skill.",,,,,,,,,,
R9-Q017-R1,R9,Q017,D2,llama.cpp README,fact_retrieval,medium,one_document,What hardware or backend options are described as relevant to llama.cpp deployment?,"A good answer should mention at least several of the supported hardware/backend options such as x86 CPU instruction sets, Apple silicon, CUDA, HIP, Vulkan, SYCL, and CPU+GPU hybrid inference.",D2 README Description hardware/backend bullets,"The hardware or backend options relevant to llama.cpp deployment include:

- GPU (e.g., CANN, Ascend NPU, Adreno GPU, IBM zDNN, VirtGPU)
- NPU (e.g., IBM zDNN)
- WebGPU
- OpenCL
- RPC
- [Hexagon]
- VirtGPU

These options are mentioned in the context provided, which describes the deployment and usage of llama.cpp.",,,,,,,,,,
A7-Q020-R1,A7,Q020,D2,llama.cpp README,boundary_limitation,hard,one_document,What deployment limitation might still remain even if the runtime supports local inference?,"A good answer should note that local inference does not remove limits such as model size, memory, CPU/GPU speed, supported formats, software setup, and security of the local device. It should present local deployment as practical but still constrained.",D2 README Description; D2 Quick start; D4 ICO security/data minimisation context,"Okay, let’s break down this question and address it within the context of statistical accuracy post-deployment.

Here’s a response that combines the retrieved context and provides a thoughtful answer:

“Given the context, the primary challenge remains that even with runtime support for local inference, statistical accuracy post-deployment might still present challenges.  The retrieved material highlights that these methods may not be sufficiently mature or appropriate for deployment in your specific context.  Therefore, it’s crucial to proactively manage expectations and continuously monitor developments in these approaches.

As part of your obligation to implement data protection by design and by default, you should consider a phased approach to evaluation.  This means starting with a rigorous assessment of statistical accuracy *from the design phase* and conducting thorough testing throughout the deployment lifecycle.  This includes establishing clear metrics and benchmarks to evaluate accuracy, and identifying potential risks associated with the model’s performance.

Furthermore, considering the risk of white-box attacks when providing the model to a third party, you’ll need to implement robust security measures and monitoring.  However, you remain ultimately responsible for assessing and mitigating these risks, even with local inference capabilities.  This ongoing monitoring and assessment are vital to ensure the model’s continued effectiveness and compliance with data protection regulations.”

---

**Key elements of this answer:**

*   **Acknowledges the ongoing challenge:** It directly addresses the core issue as outlined in the context.
*   **Highlights the limitations:** It emphasizes that the current methods might not be sufficient for full deployment.
*   **Suggests a phased approach:**  It advocates for a proactive, iterative process.
*   **Focuses on risk assessment:** It emphasizes the need to identify and mitigate potential threats.
*   **Addresses the third-party concern:** It acknowledges the security implications of sharing the model.
*   **Reinforces responsibility:** It reiterates the provider's continued responsibility for risk management.

Would you like me to elaborate on any specific aspect of this response, such as potential metrics for evaluating accuracy, or risk mitigation strategies?",,,,,,,,,,
T2-Q007-R1,T2,Q007,D1,RAG Paper,fact_retrieval,easy,one_document,According to the paper what kinds of tasks are considered knowledge-intensive?,"A good answer should mention open-domain question answering, abstractive QA, question generation, and fact verification as examples used in the paper. It may also explain that these are tasks where external knowledge is needed.",D1 Experiments section 3; D1 sections 3.1-3.4,"Based on the retrieved context, the tasks considered knowledge-intensive in the paper are:

1. **Ar-ar-cticating and documenting the system's concept and objectives**: This involves understanding the system's purpose, goals, and assumptions.
2. **Gathering and cleaning data**: This requires collecting and processing data to support the system's functionality.
3. **Documenting the metadata and characteristics of the dataset**: This involves describing and analyzing the dataset to ensure its quality and relevance.

These tasks require a certain level of knowledge and understanding of the system's context, which is considered knowledge-intensive.",,,,,,,,,,
T2-Q020-R1,T2,Q020,D2,llama.cpp README,boundary_limitation,hard,one_document,What deployment limitation might still remain even if the runtime supports local inference?,"A good answer should note that local inference does not remove limits such as model size, memory, CPU/GPU speed, supported formats, software setup, and security of the local device. It should present local deployment as practical but still constrained.",D2 README Description; D2 Quick start; D4 ICO security/data minimisation context,"Based on the retrieved context, here's a rephrased answer:

Even if the runtime supports local inference, there may still be deployment limitations to consider, such as:

* Limited computational resources or memory constraints, which could impact the model's performance or accuracy.
* Network constraints, such as bandwidth or latency limitations, which could affect the model's ability to be deployed locally.
* Regulatory or compliance requirements that necessitate the model to be deployed in a specific format or with certain security measures in place.
* Technical limitations, such as the need for the model to be deployed on a specific hardware platform or with specific software dependencies.

These limitations could impact the model's statistical accuracy, data minimization, and privacy protection, and may require additional measures to be taken to ensure that the model is deployed in a way that minimizes risks and protects individuals' data.",,,,,,,,,,
M4-Q010-R1,M4,Q010,D1,RAG Paper,source_grounded_synthesis,hard,one_document,What does RAG add to a standard language generation system?,"A good answer should say that RAG adds an external retrieval component and a document index to a generator. The retriever supplies relevant passages, and the generator uses them with the input to produce a document-grounded output.",D1 Figure 1; D1 Methods section 2,"RAG adds a retrieval mechanism that learns to retrieve relevant information for the task during training. This improves the effectiveness of the generation model across various tasks. RAGs dense retriever outperforms a word overlap-based retrieval mechanism in 7.1% of cases, while RAG is more factual in 42.7% of cases, demonstrating its superiority over state-of-the-art generation models. Additionally, RAG generates more specific and factually accurate responses compared to other models.",,,,,,,,,,
R9-Q025-R1,R9,Q025,D3,NIST AI RMF,comparison,medium,one_document,Why should risks to individuals organisations and society be considered separately?,"A good answer should explain that AI impacts can occur at different levels: individual harms, organisational failures, and wider societal effects. Treating them separately helps avoid reducing risk to only model accuracy or technical performance.",D3 AI RMF web overview; D3 Executive Summary; D3 Framing Risk,"Risks to individuals, organizations, and society should be considered separately because each entity is affected differently by potential events and their impact varies. For instance, an individual might face significant harm from a severe accident, while an organization could suffer financial losses or operational disruptions. Society as a whole may experience broader impacts like economic instability or environmental degradation. Therefore, addressing risks to these entities requires tailored strategies and considerations that account for their unique vulnerabilities and impacts.",,,,,,,,,,
T2-Q025-R1,T2,Q025,D3,NIST AI RMF,comparison,medium,one_document,Why should risks to individuals organisations and society be considered separately?,"A good answer should explain that AI impacts can occur at different levels: individual harms, organisational failures, and wider societal effects. Treating them separately helps avoid reducing risk to only model accuracy or technical performance.",D3 AI RMF web overview; D3 Executive Summary; D3 Framing Risk,"Risks to individuals, organizations, and society should be considered separately for several reasons:

1. **Contextual differences**: Each entity has unique needs, priorities, and circumstances that affect their risk tolerance. For instance, an organization with a strong focus on customer service may have a different risk tolerance than a government agency dealing with sensitive information.

2. **Risk characteristics**: AI risks are distinct from other risks, such as financial or operational risks. AI risks require special consideration due to their unique characteristics, like security and privacy concerns.

3. **Emerging knowledge and risks**: The rapid development of AI technology and its potential impact on various aspects of life necessitates a proactive approach to risk management. Considering AI risks as part of broader enterprise risk management (ERM) considerations helps organizations stay ahead of emerging threats.

4. **Policy and regulatory implications**: AI risks may be influenced by policies and norms established by AI system owners, organizations, industries, communities, or policy makers. Different organizations may have varying risk tolerances due to their unique circumstances, which can impact how they approach AI risk management.

5. **Risk management strategies**: Organizations may need to adapt their risk management strategies to address AI risks, which may not be applicable to other types of risks. For example, an organization may need to develop additional controls or procedures to mitigate AI-related risks.

6. **Data-driven decision-making**: As AI technology advances, the amount of data generated and the complexity of AI models increase. This requires organizations to have robust data management and analytics capabilities to effectively assess and manage AI risks.

7. **Ethical considerations**: AI risks raise important ethical considerations, such as data privacy, security, and fairness. Organizations must consider these factors when developing and implementing AI risk management strategies.

In summary, considering risks to individuals, organizations, and society separately allows for tailored risk management approaches, taking into account the unique characteristics, needs, and circumstances of each entity. This helps organizations develop effective strategies to mitigate AI risks and ensure responsible AI development and deployment.",,,,,,,,,,
F3-Q007-R1,F3,Q007,D1,RAG Paper,fact_retrieval,easy,one_document,According to the paper what kinds of tasks are considered knowledge-intensive?,"A good answer should mention open-domain question answering, abstractive QA, question generation, and fact verification as examples used in the paper. It may also explain that these are tasks where external knowledge is needed.",D1 Experiments section 3; D1 sections 3.1-3.4,"According to the paper, knowledge-intensive tasks are those that require the AI system to implement methods used to implement the tasks that the AI system will support. These tasks include open-domain question answering, fact checking, fact completion, long-form question answering, Wikipedia article generation, dialogue, translation, and language modeling.",,,,,,,,,,
A7-Q017-R1,A7,Q017,D2,llama.cpp README,fact_retrieval,medium,one_document,What hardware or backend options are described as relevant to llama.cpp deployment?,"A good answer should mention at least several of the supported hardware/backend options such as x86 CPU instruction sets, Apple silicon, CUDA, HIP, Vulkan, SYCL, and CPU+GPU hybrid inference.",D2 README Description hardware/backend bullets,"Okay, here's a rephrased and expanded answer based on the provided context, incorporating relevant details and expanding on the key points:

“The context highlights several hardware and backend options relevant to deploying llama.cpp, primarily focusing on GPU capabilities.  Specifically, it mentions the following:

*   **GPU:** llama.cpp is designed to run efficiently on GPUs, and the context emphasizes that it’s compatible with GPU-accelerated inference.
*   **Vulkan:** The mention of Vulkan suggests that llama.cpp utilizes this graphics API for optimized performance.
*   **CanN:** The context refers to the CANN project, which is a framework for machine learning, and it’s connected to the development of Ascend NPU.
*   **OpenCL:** OpenCL is another graphics API that can be used for GPU acceleration.
*   **Adreno GPU:** The context specifically mentions the Adreno GPU, indicating that llama.cpp is optimized for devices with this graphics processor.
*   **IBM zDNN:** The context also references IBM zDNN, which is a powerful neural network inference engine.
*   **IBM Z & LinuxONE:** The context also mentions that llama.cpp is designed to work with IBM Z systems and the Linux ONE platform.
*   **WebGPU:** The context also mentions WebGPU, which is a modern API for rendering graphics in the browser.

Essentially, the context underscores that llama.cpp is intended for deployment on a range of hardware, with a strong emphasis on GPU support, and it’s designed to leverage various graphics APIs like Vulkan, OpenCL, and potentially WebGPU.”

",,,,,,,,,,
R9-Q010-R1,R9,Q010,D1,RAG Paper,source_grounded_synthesis,hard,one_document,What does RAG add to a standard language generation system?,"A good answer should say that RAG adds an external retrieval component and a document index to a generator. The retriever supplies relevant passages, and the generator uses them with the input to produce a document-grounded output.",D1 Figure 1; D1 Methods section 2,"RAG adds a retrieval mechanism to a standard language generation system, which helps in generating more diverse and factually accurate responses. The retrieval mechanism allows RAG to learn to retrieve relevant information for the task, improving the effectiveness of the generation model. RAG is more diverse than RAG-Tokens and BART, and it performs better than BART in terms of factual accuracy and specificity.",,,,,,,,,,
F3-Q025-R1,F3,Q025,D3,NIST AI RMF,comparison,medium,one_document,Why should risks to individuals organisations and society be considered separately?,"A good answer should explain that AI impacts can occur at different levels: individual harms, organisational failures, and wider societal effects. Treating them separately helps avoid reducing risk to only model accuracy or technical performance.",D3 AI RMF web overview; D3 Executive Summary; D3 Framing Risk,"Risks to individuals, groups, communities, organizations, society, and the environment are considered separately because they are context-specific and application and use-case specific. Risk management involves coordinated activities to direct and control organizations with regard to risk. While organizations or society are highly contextual and application and use-case specific, risks to individuals, groups, communities, organizations, society, and the environment are also context-specific and application and use-case specific.",,,,,,,,,,
K8-Q017-R1,K8,Q017,D2,llama.cpp README,fact_retrieval,medium,one_document,What hardware or backend options are described as relevant to llama.cpp deployment?,"A good answer should mention at least several of the supported hardware/backend options such as x86 CPU instruction sets, Apple silicon, CUDA, HIP, Vulkan, SYCL, and CPU+GPU hybrid inference.",D2 README Description hardware/backend bullets,"The context provided describes several hardware and backend options that are relevant to the deployment of llama.cpp, including:

- The hardware: Ascend NPU, IBM zDNN, and IBM Z & LinuxONE
- The backend: OpenCL, Adreno GPU, and WebGPU
- The specific model: LLaMA, Hugging Face, and Docker

The context also mentions the ""Obtaining and quantizing models"" section, which is likely to be relevant to the hardware options. The context also mentions the ""Quick start"" section, which is likely to be relevant to the backend options.",,,,,,,,,,
A7-Q036-R1,A7,Q036,D4,ICO AI Data Protection Guidance,source_grounded_synthesis,hard,one_document,How can local deployment reduce some privacy risks while leaving other data protection responsibilities in place?,"A good answer should say local deployment can reduce transfer of questions or documents to external providers, but responsibilities remain for lawful processing, transparency, security, data minimisation, logging, retention, and access control on the local system.",D4 ICO transparency; lawfulness; security and data minimisation chapters,"Okay, here’s a rephrased and expanded answer based on the provided context, aiming for clarity and completeness:

“Local deployment of models offers a way to mitigate privacy risks while still adhering to data protection laws.  Instead of sending sensitive data to a central server, you can run the model directly on your own infrastructure. This reduces the risk of exposure because the data never leaves your environment. However, it’s crucial to remember that this approach doesn’t eliminate all responsibilities under data protection law.  Specifically, the development stage – where you’re processing personal data to train the model – and the deployment stage – where you use the model’s predictions – are both areas where data protection regulations apply.  These regulations require careful consideration throughout the entire lifecycle of the data, from its creation to its use and disposal.  For example, the data protection law dictates how personal data is handled during the development and deployment phases, and it’s important to ensure compliance at each stage.”

**Key additions and clarifications:**

*   **Emphasis on Reduced Exposure:** The answer highlights the core benefit of local deployment – minimizing data leakage.
*   **Expanded on Data Protection Law:** It clarifies that local deployment doesn't eliminate responsibilities under data protection laws, emphasizing the need for careful consideration throughout the lifecycle.
*   **Specific Stages:** It explicitly mentions the development and deployment stages as key areas of concern.

Do you want me to elaborate on any specific aspect of this answer, or perhaps provide more detail on a particular data protection regulation?",,,,,,,,,,
K8-Q038-R1,K8,Q038,D1+D2,RAG Paper and llama.cpp README,comparison,hard,multiple_documents,How do RAG and local deployment address different parts of the question-answering problem?,"A good answer should say that RAG addresses knowledge grounding by retrieving and using source passages, while local deployment addresses where inference runs and what hardware/runtime is used. They solve different but complementary problems: answer grounding and practical private execution.",D1 abstract/Methods; D2 README Description/llama-server,"The context provided discusses the performance and architecture of a Retrieval-Augmented Generation (RAG) system in relation to Open-domain Question Answering (QA) and Abstractive Question Answering (QA). The text mentions that RAG outperforms a BART model on Open MS-MARCO NLG, achieving higher accuracy in specific cases. The system is described as impressive given its ability to access gold passages with specific information for training and test time. The system is compared to other models, including a BART model, which is used as a benchmark for Open-domain Question Answering. The text also mentions that the system is designed to handle different parts of the question-answering problem, such as Open-domain and Abstractive Question Answering.",,,,,,,,,,
M4-Q038-R1,M4,Q038,D1+D2,RAG Paper and llama.cpp README,comparison,hard,multiple_documents,How do RAG and local deployment address different parts of the question-answering problem?,"A good answer should say that RAG addresses knowledge grounding by retrieving and using source passages, while local deployment addresses where inference runs and what hardware/runtime is used. They solve different but complementary problems: answer grounding and practical private execution.",D1 abstract/Methods; D2 README Description/llama-server,"RAG addresses the question-answering problem by generating correct answers even when the correct answer is not present in any retrieved document, achieving 11.8% accuracy in such cases for NQ. It also outperforms extractive models in abstractive question answering tasks, such as Open MS-MARCO NLG, where it outperforms BART by 2.6 BLEU points and 2.6 ROUGE-L points. RAG models are trained using dev data with different values of k for training and test time, and experimental details for each task are discussed.",,,,,,,,,,
A7-Q025-R1,A7,Q025,D3,NIST AI RMF,comparison,medium,one_document,Why should risks to individuals organisations and society be considered separately?,"A good answer should explain that AI impacts can occur at different levels: individual harms, organisational failures, and wider societal effects. Treating them separately helps avoid reducing risk to only model accuracy or technical performance.",D3 AI RMF web overview; D3 Executive Summary; D3 Framing Risk,"Okay, here’s a rephrased and expanded answer based on the provided context, aiming for clarity and completeness:

When considering risks, it’s crucial to recognize that they aren’t viewed as a single, uniform issue. Instead, risks are a function of two key elements: the *magnitude* of potential harm – how significant the negative consequences could be – and the *likelihood* of that harm occurring.  The context emphasizes that these risks can affect individuals, groups, communities, organizations, society, the environment, and even the planet.  Therefore, it’s essential to analyze risks separately to understand their diverse impacts.  This separation allows for targeted risk management strategies that address specific vulnerabilities and potential consequences within each area.

Specifically, the provided context highlights that risk tolerance – the acceptable level of risk – is influenced by various factors, including policies and norms established by different entities.  Furthermore, emerging knowledge and new risks are increasingly integrated into broader enterprise risk management considerations, which now include AI risks.  Organizations must be aware that risk tolerances can change over time as AI systems, policies, and norms evolve, and that different organizations may have varying tolerances based on their priorities and available resources.  Finally, the context points out that organizations are actively seeking guidance from established standards and frameworks like the NIST Cybersecurity Framework, the NIST Privacy Framework, and the NIST Risk Management Framework to mitigate security and privacy risks, recognizing that these are just one part of a larger effort to build trustworthy AI systems.",,,,,,,,,,
F3-Q036-R1,F3,Q036,D4,ICO AI Data Protection Guidance,source_grounded_synthesis,hard,one_document,How can local deployment reduce some privacy risks while leaving other data protection responsibilities in place?,"A good answer should say local deployment can reduce transfer of questions or documents to external providers, but responsibilities remain for lawful processing, transparency, security, data minimisation, logging, retention, and access control on the local system.",D4 ICO transparency; lawfulness; security and data minimisation chapters,"Local deployment can reduce some privacy risks by minimizing the data that is revealed in queries sent to a machine learning model. This is achieved through privacy-preserving techniques that allow one party to retrieve a prediction or classification without revealing all of the information to the party running the model. These techniques enable the model to make predictions without revealing the specific question being asked. Additionally, local deployment can help to minimize data protection responsibilities by ensuring that the model is only used to train on data that has been anonymized and protected. This approach allows the model to be used without compromising the privacy of the individuals being trained.",,,,,,,,,,
K8-Q003-R1,K8,Q003,D1,RAG Paper,explanation,medium,one_document,Why is provenance important in a question-answering system?,"A good answer should connect provenance to knowing where an answer came from. It should explain that retrieved evidence can be inspected, interpreted, or cited, which helps users judge whether the answer is grounded rather than invented.",D1 abstract; D1 Introduction,"[2] Petr Budič and Jan Edvý. Modeling of the question answering task in the yodaqa system. In International Conference of the Cross-Language Evaluation Forum for European Languages, pages 22228. Springer, 2015. URL https://link.springer.com/chapter/10.1007%2F978-3-319-24027-5_20 . [3] Jonathan Berant, Andrew Chou, Roy Frostig, and Percy Liang. Semantic Parsing on Freebase from Question-Answer Pairs. In Proceedings of the 2013 Conference on Empirical Methods in Natural Language Processing, pages

The context provided suggests that the answer is related to the evaluation of a question-answering system, specifically focusing on the importance of provenance in such a context. The answer is not directly stated but seems to be a summary of the main points discussed in the provided context. 

The context discusses the question ""Why is provenance important in a question-answering system?"" and provides a response that is not directly stated but seems to be a summary of the main points discussed in the provided context. 

The context suggests that the answer is related to the evaluation of a question-answering system, specifically focusing on the importance of provenance in such a context. The answer is not directly stated but seems to be a summary of the main points discussed in the provided context. 

The context suggests that the answer is related to the evaluation of a question-answering system, specifically focusing on the importance of provenance in such a context. The answer is not directly stated but seems to be a summary of the main points discussed in the provided context.",,,,,,,,,,
T2-Q036-R1,T2,Q036,D4,ICO AI Data Protection Guidance,source_grounded_synthesis,hard,one_document,How can local deployment reduce some privacy risks while leaving other data protection responsibilities in place?,"A good answer should say local deployment can reduce transfer of questions or documents to external providers, but responsibilities remain for lawful processing, transparency, security, data minimisation, logging, retention, and access control on the local system.",D4 ICO transparency; lawfulness; security and data minimisation chapters,"To mitigate privacy risks associated with local deployment of a machine learning (ML) model, consider the following strategies:

1. **Data anonymization**: Before deploying the model locally, anonymize the data used to train it. This involves removing personally identifiable information (PII) and replacing it with pseudonyms or unique identifiers. This way, even if the model is deployed locally, the data will not be identifiable to the individuals whose data was used to train it.

2. **Model-specific data protection**: Implement data protection measures specific to the deployment context. For example, if the model is deployed locally, ensure that the data is not shared with external parties or used for purposes other than the original deployment.

3. **Secure data storage**: Store the data used to train the model securely, using encryption and access controls to prevent unauthorized access.

4. **Model deployment controls**: Implement controls to prevent the model from being deployed locally without proper authorization. This may include requiring explicit consent from individuals whose data was used to train the model.

5. **Monitoring and auditing**: Regularly monitor and audit the model's performance and deployment to detect any potential privacy breaches.

6. **Collaboration with clients**: Work closely with clients to understand their specific deployment contexts and associated threat models. This will enable you to develop targeted privacy-preserving query approaches that minimize data exposure.

7. **Privacy-preserving query approaches**: Use privacy-preserving query approaches, such as those mentioned in the retrieved context, to minimize the data that is revealed in a query sent to the ML model.

By implementing these strategies, you can reduce some privacy risks associated with local deployment while leaving other data protection responsibilities in place.

**Additional Reading**: For more information on data protection and privacy in ML, refer to the following resources:

- [Privad: Practical Privacy in Online Linked Data](https://www.privad.io/practical-privacy-in-online-linked-data)
- [Data Protection and Privacy in Machine Learning](https://www.gartner.com/en/reports/gartner-data-protection-and-privacy-in-machine-learning)",,,,,,,,,,
T2-Q038-R1,T2,Q038,D1+D2,RAG Paper and llama.cpp README,comparison,hard,multiple_documents,How do RAG and local deployment address different parts of the question-answering problem?,"A good answer should say that RAG addresses knowledge grounding by retrieving and using source passages, while local deployment addresses where inference runs and what hardware/runtime is used. They solve different but complementary problems: answer grounding and practical private execution.",D1 abstract/Methods; D2 README Description/llama-server,"Here's a rephrased version of the text in my own words, combining relevant parts, and addressing any gaps in the context:

RAG (Read-Answer-Generate) is a novel approach to question answering that has achieved impressive results in various tasks, including extractive question answering (QA) and abstractive question answering (QA). In this context, RAG stands out for its ability to generate correct answers even when the correct answer is not present in any retrieved document, achieving an impressive 11.8% accuracy in such cases.

RAG's performance is particularly impressive given that many models, including state-of-the-art extractive QA models, have a lower accuracy of 0% when faced with unseen documents. This is because RAG can leverage the information from the retrieved documents to generate correct answers.

In terms of experimental details, RAG was tested on various real-world applications, including open-domain question answering (QA), which involves treating questions and answers as input-output text pairs (x, y) and training RAG by directly minimizing the negative log-likelihood of answers. The model was compared to the popular extractive QA paradigm, where answers are generated based on the information from retrieved documents.

The RAG model was also evaluated on specific tasks, such as Open MS-MARCO NLG, which involves generating answers based on a set of gold passages with specific information. In this case, RAG outperformed the BART model by 2.6 BLEU points and 2.6 ROUGE-L points.

RAG's performance was also compared to other models, including DPR, which is a popular extractive QA model. The RAG model was also evaluated on the TQA Wiki test set, which involves generating answers based on a set of trivia questions.

In summary, RAG is a novel approach to question answering that has achieved impressive results in various tasks, including extractive QA and abstractive QA. Its ability to generate correct answers even when the correct answer is not present in any retrieved document makes it particularly effective in real-world applications.

Key points:

* RAG has achieved impressive results in various tasks, including extractive QA and abstractive QA.
* RAG can generate correct answers even when the correct answer is not present in any retrieved document.
* RAG has outperformed other models, including BART and DPR.
* RAG has been evaluated on specific tasks, such as Open MS-MARCO NLG and TQA Wiki test set.
* RAG's performance has been",,,,,,,,,,
F3-Q008-R1,F3,Q008,D1,RAG Paper,boundary_limitation,medium,one_document,What limitation of large pre-trained models motivates the use of retrieval?,"A good answer should state that large pre-trained models can store knowledge but may struggle to access, manipulate, update, or explain it reliably. They may also hallucinate or fail to provide provenance.",D1 abstract; D1 Introduction paragraphs 1-2,"Large pre-trained models, particularly those with deep architectures, have been shown to store factual knowledge in their parameters and achieve state-of-the-art results when tuned on downstream NLP tasks. However, these models may struggle with tasks that require more complex retrieval mechanisms, such as question answering. The limitations of large pre-trained models include:

1. Limited scope: Large pre-trained models are designed to handle a wide range of tasks, but may not be well-suited for specific, complex retrieval tasks that require specialized knowledge.

2. Overfitting: Large pre-trained models can become overfit to the training data, leading to poor performance on new, unseen tasks.

3. Complexity: Large pre-trained models may struggle with tasks that require more complex retrieval mechanisms, such as question answering, which can be challenging for neural language models.

4. Limited diversity: Large pre-trained models may not be well-suited for tasks that require diverse knowledge, such as natural language processing, which can be challenging for deep architectures.

5. Limited scalability: Large pre-trained models may not be well-suited for tasks that require scalability, such as large-scale language models, which can be challenging for deep architectures.

6. Limited interpretability: Large pre-trained models may not be well-suited for tasks that require interpretability, such as question answering, which can be challenging for neural language models.

7. Limited generalization: Large pre-trained models may not be well-suited for tasks that require generalization, such as language translation, which can be challenging for deep architectures.

8. Limited scalability: Large pre-trained models may not be well-suited for tasks that require scalability, such as large-scale language models, which can be challenging for deep architectures.

9. Limited interpretability: Large pre-trained models may not be well-suited for tasks that require interpretability, such as question answering, which can be challenging for neural language models.

10. Limited generalization: Large pre-trained models may not be well-suited for tasks that require generalization, such as language translation, which can be challenging for deep architectures.",,,,,,,,,,
F3-Q003-R1,F3,Q003,D1,RAG Paper,explanation,medium,one_document,Why is provenance important in a question-answering system?,"A good answer should connect provenance to knowing where an answer came from. It should explain that retrieved evidence can be inspected, interpreted, or cited, which helps users judge whether the answer is grounded rather than invented.",D1 abstract; D1 Introduction,"Petr Baudi and Jan ediv`y. Modeling of the question answering task in the yodaqa system. In International Conference of the Cross-Language Evaluation Forum for European Languages, pages 222228. Springer, 2015. URL https://link.springer.com/chapter/10.1007% 2F978-3-319-24027-5_20 . [3] Jonathan Berant, Andrew Chou, Roy Frostig, and Percy Liang. Semantic Parsing on Freebase from Question-Answer Pairs. In Proceedings of the 2013 Conference on Empirical Methods in Natural Language Processing, pages 222228. Right: MS-MARCO Bleu-1 and Rouge-L as more documents are retrieved. 5 Related Work Single-Task Retrieval Prior work has shown that retrieval improves performance across a variety of NLP tasks when considered in isolation. Such tasks include open-domain question answering [5, 29], fact checking [ 56], fact completion [ 48], long-form question answering [ 12], Wikipedia article generation [36], dialogue [ 41, 65, 9, 13], translation [ 17], and language modeling [ 19, 27]. Our work unies factuality, and one for specicity. We dene factuality as whether a statement can be corroborated by trusted external sources, and specicity as high mutual dependence between the input and output [ 33]. We follow best practice and use pairwise comparative evaluation [34]. Evaluators are shown an answer and two generated questions, one from BART and one from RAG. They are then asked to pick one of four options: question A is better, question B is better, both are good, or neither is good. 3.4 Fact Verification

    Question: Why is provenance important in a question-answering system?

    Answer: Provenance is crucial in a question-answering system because it provides context and ensures the accuracy of the information being provided. It helps to verify the reliability of the input data, which is essential for accurate and reliable answers. Provenance also ensures that the output is consistent with the input, which is important for the overall quality of the system.",,,,,,,,,,
M4-Q008-R1,M4,Q008,D1,RAG Paper,boundary_limitation,medium,one_document,What limitation of large pre-trained models motivates the use of retrieval?,"A good answer should state that large pre-trained models can store knowledge but may struggle to access, manipulate, update, or explain it reliably. They may also hallucinate or fail to provide provenance.",D1 abstract; D1 Introduction paragraphs 1-2,"The limitation of large pre-trained models is their inability to directly access and retrieve specific information from external sources due to their reliance on stored factual knowledge in their parameters. This limitation is addressed by the use of retrieval, which allows the model to learn to retrieve documents from external sources, thereby improving its performance on downstream NLP tasks.",,,,,,,,,,
R9-Q003-R1,R9,Q003,D1,RAG Paper,explanation,medium,one_document,Why is provenance important in a question-answering system?,"A good answer should connect provenance to knowing where an answer came from. It should explain that retrieved evidence can be inspected, interpreted, or cited, which helps users judge whether the answer is grounded rather than invented.",D1 abstract; D1 Introduction,"The context provided discusses the performance of a question-answering system, specifically mentioning the NQ task. It also mentions the use of MS-MARCO Bleu-1 and Rouge-L metrics to evaluate performance. The context also references previous work in NLP tasks such as open-domain question answering, fact checking, fact completion, long-form question answering, Wikipedia article generation, dialogue, translation, and language modeling. The work presented unifies factuality and specificity as two different types of evaluation criteria. It uses pairwise comparative evaluation and follows best practice by using BART and RAG as the two generated questions. The context also mentions fact verication as an important aspect of a question-answering system.",,,,,,,,,,
M4-Q007-R1,M4,Q007,D1,RAG Paper,fact_retrieval,easy,one_document,According to the paper what kinds of tasks are considered knowledge-intensive?,"A good answer should mention open-domain question answering, abstractive QA, question generation, and fact verification as examples used in the paper. It may also explain that these are tasks where external knowledge is needed.",D1 Experiments section 3; D1 sections 3.1-3.4,"According to the paper, tasks that are considered knowledge-intensive include open-domain question answering, fact checking, fact completion, long-form question answering, Wikipedia article generation, dialogue, translation, and language modeling.",,,,,,,,,,
F3-Q017-R1,F3,Q017,D2,llama.cpp README,fact_retrieval,medium,one_document,What hardware or backend options are described as relevant to llama.cpp deployment?,"A good answer should mention at least several of the supported hardware/backend options such as x86 CPU instruction sets, Apple silicon, CUDA, HIP, Vulkan, SYCL, and CPU+GPU hybrid inference.",D2 README Description hardware/backend bullets,"The relevant hardware and backend options for deploying llama.cpp include:

- GPU: The platform hosts a number of LLMs compatible with llama.cpp, which can be installed on GPUs.

- Backend: The platform supports various backends, including Vulkan, CANN, OpenCL, IBM zDNN, and WebGPU. These backends are used for different types of models and applications.

- Model: The platform supports various models, including those compatible with llama.cpp, which can be downloaded or directly used from Hugging Face or other model hosting sites.

- Backend: The platform supports various backends, including Vulkan, CANN, OpenCL, IBM zDNN, and WebGPU. These backends are used for different types of models and applications.

- Model: The platform supports various models, including those compatible with llama.cpp, which can be downloaded or directly used from Hugging Face or other model hosting sites.

- Backend: The platform supports various backends, including Vulkan, CANN, OpenCL, IBM zDNN, and WebGPU. These backends are used for different types of models and applications.",,,,,,,,,,
R9-Q034-R1,R9,Q034,D4,ICO AI Data Protection Guidance,explanation,medium,one_document,How do security and data minimisation relate to AI deployment?,"A good answer should state that AI systems can worsen security risks and make data minimisation harder. Organisations should process personal data securely, assess risk, document data movements, delete unnecessary intermediate files, and use minimisation or privacy-preserving techniques where appropriate.",D4 ICO security and data minimisation chapter,"Security and data minimisation are crucial aspects to consider when deploying AI systems. AI can introduce new security risks and make managing them more challenging. The data minimisation principle aims to reduce the amount of personal data processed, thereby enhancing privacy and security. Techniques for both data minimisation and effective AI development and deployment are presented. This section is aimed at technical professionals associated with security and data minimisation in AI. It explains how AI systems can exacerbate known security risks and presents the challenges for compliance with the data minimisation principle. The section also discusses privacy attacks, steps to manage these risks, and available data minimisation and privacy-preserving techniques for AI systems. Back to top ICO AI and Data Protection - Security and Data Minimisation URL: https://ico.org.uk/for-organisations/uk-gdpr-guidance-and-resources/artificial-intelligence/guidance-on-ai-and-data-protection/how-should-we-assess-security-and-data-minimisation-in-ai/",,,,,,,,,,
M4-Q025-R1,M4,Q025,D3,NIST AI RMF,comparison,medium,one_document,Why should risks to individuals organisations and society be considered separately?,"A good answer should explain that AI impacts can occur at different levels: individual harms, organisational failures, and wider societal effects. Treating them separately helps avoid reducing risk to only model accuracy or technical performance.",D3 AI RMF web overview; D3 Executive Summary; D3 Framing Risk,"Risks to individuals, organizations, and society should be considered separately because they have distinct negative impacts and likelihoods. For instance, a single negative impact on an individual can be severe, whereas a similar impact on an organization or society could be catastrophic. Additionally, the likelihood of occurrence varies significantly among these entities, with some being more prone to certain risks than others. Therefore, it is crucial to manage these risks individually to ensure comprehensive risk management.",,,,,,,,,,
K8-Q034-R1,K8,Q034,D4,ICO AI Data Protection Guidance,explanation,medium,one_document,How do security and data minimisation relate to AI deployment?,"A good answer should state that AI systems can worsen security risks and make data minimisation harder. Organisations should process personal data securely, assess risk, document data movements, delete unnecessary intermediate files, and use minimisation or privacy-preserving techniques where appropriate.",D4 ICO security and data minimisation chapter,"The context provided suggests that the question is asking about the relationship between security and data minimisation when assessing AI deployment. The context indicates that this involves considering how AI systems can exacerbate known security risks and make them more difficult to manage. The relevant information includes:

- A section explaining how AI can introduce security risks and make them harder to manage.
- A reference to the challenge of compliance with the data minimisation principle.
- A list of techniques for both data minimisation and effective AI development.

The context implies that the question is asking about the broader implications of security and data minimisation when AI is being deployed, rather than just how AI can affect security. The answer likely involves considering the broader context of AI deployment, its impact on security, and the challenges of data minimisation. The answer should discuss the broader implications of AI deployment, its impact on security, and the challenges of data minimisation. It should also consider the broader context of AI development and its impact on security. The answer should provide a comprehensive explanation of how AI can affect security and data minimisation in AI, including the broader context of AI deployment and its impact on security, as well as the challenges of data minimisation. The answer should also consider the broader context of AI development and its impact on security, including the broader context of AI development and its impact on security.",,,,,,,,,,
M4-Q036-R1,M4,Q036,D4,ICO AI Data Protection Guidance,source_grounded_synthesis,hard,one_document,How can local deployment reduce some privacy risks while leaving other data protection responsibilities in place?,"A good answer should say local deployment can reduce transfer of questions or documents to external providers, but responsibilities remain for lawful processing, transparency, security, data minimisation, logging, retention, and access control on the local system.",D4 ICO transparency; lawfulness; security and data minimisation chapters,"Local deployment can reduce some privacy risks while leaving other data protection responsibilities in place by minimizing the data that is revealed in queries sent to a machine learning model. This allows one party to retrieve a prediction or classification without fully revealing the information to the party running the model. These techniques enable a more controlled and secure data usage scenario, ensuring that the model's predictions are used only for the intended purpose without exposing sensitive personal data.",,,,,,,,,,
A7-Q010-R1,A7,Q010,D1,RAG Paper,source_grounded_synthesis,hard,one_document,What does RAG add to a standard language generation system?,"A good answer should say that RAG adds an external retrieval component and a document index to a generator. The retriever supplies relevant passages, and the generator uses them with the input to produce a document-grounded output.",D1 Figure 1; D1 Methods section 2,"RAG adds a key feature to standard language generation systems: it learns to retrieve relevant information for the task. This retrieval mechanism improves the system’s performance significantly, as demonstrated by Ablations where the retriever is frozen during training.  In experiments, RAG models consistently outperform other models, particularly in terms of factual accuracy.  Specifically, RAG models are more accurate than BART in 7.1% of cases, while RAG was more accurate in 42.7% of cases.  Evaluators also find RAG generations to be more specific and factually accurate.",,,,,,,,,,
T2-Q010-R1,T2,Q010,D1,RAG Paper,source_grounded_synthesis,hard,one_document,What does RAG add to a standard language generation system?,"A good answer should say that RAG adds an external retrieval component and a document index to a generator. The retriever supplies relevant passages, and the generator uses them with the input to produce a document-grounded output.",D1 Figure 1; D1 Methods section 2,"RAG (Reactive Attention Guidance) is a more diverse and effective language generation model compared to traditional RAG-Tokens and BART (Bidirectional Transformers for Attention). Unlike RAG-Tokens, which rely on token-level retrieval, RAG learns to retrieve relevant information for the task, leading to improved results across various tasks.

In contrast, RAG is more factually accurate than RAG-Tokens in only 7.1% of cases, while RAG was more factual in 42.7% of cases. Moreover, RAG outperforms BART in a further 17% of cases, demonstrating its effectiveness over a state-of-the-art generation model.

RAG's ability to generate more specific and factually accurate responses is attributed to its ability to document posterior p(zi|x,yi,yi) for each generated token, allowing it to better capture the nuances of language. This is particularly evident in Jeopardy questions, where RAG performs best when generating responses that accurately recall two separate pieces of information.

Overall, RAG's unique approach to language generation, which involves learning to retrieve relevant information for the task, makes it a more effective and diverse model compared to traditional RAG-Tokens and BART.",,,,,,,,,,
T2-Q003-R1,T2,Q003,D1,RAG Paper,explanation,medium,one_document,Why is provenance important in a question-answering system?,"A good answer should connect provenance to knowing where an answer came from. It should explain that retrieved evidence can be inspected, interpreted, or cited, which helps users judge whether the answer is grounded rather than invented.",D1 abstract; D1 Introduction,"Here's a rephrased version of the text in my own words, combining relevant parts, and addressing any gaps in the original context:

**The Importance of Factuality in Question-Answeering Systems**

In the context of question-answering systems, factuality plays a crucial role in ensuring the accuracy and reliability of the output. Factuality refers to the ability of a statement to be corroborated by trusted external sources, which is essential for maintaining the trustworthiness of the system.

**The Role of Specicity in Question-Answeering Systems**

Specicity, on the other hand, refers to the high mutual dependence between the input and output of a question-answering system. This means that the system should be able to understand the context and intent behind the input, and generate an answer that is tailored to the specific question being asked.

**The Impact of Retrieval on Fact Verication**

Our research highlights the importance of retrieval in fact verification. In our study, we used a question-answering system that employed a combination of techniques, including semantic parsing and pairwise comparative evaluation. We evaluated the system using a set of question-answer pairs, and asked users to choose between four options: question A, question B, both are good, or neither is good.

**Our Findings**

Our results show that the system performed well in fact verification, with the majority of users choosing question A as the best answer. This suggests that the system's factuality and specicity are well-suited to the task of fact verification.

**Conclusion**

In conclusion, our research highlights the importance of factuality and specicity in question-answering systems. By incorporating these factors into our system, we were able to improve its performance in fact verification. Our findings suggest that systems that prioritize factuality and specicity can be effective in maintaining the trustworthiness of the system and generating accurate answers to user queries.

**Related Work**

Our research builds on existing work in the field of question-answering systems. Prior research has shown that retrieval improves performance across a variety of NLP tasks when considered in isolation. Such tasks include open-domain question answering, fact checking, fact completion, long-form question answering, Wikipedia article generation, dialogue, translation, and language modeling.

**Evaluation Metrics**

We used pairwise comparative evaluation to evaluate the system's performance in fact verification. We compared the system's performance to that of other state-of-the-art systems, and evaluated the system's accuracy and reliability using metrics such as precision, recall,",,,,,,,,,,
R9-Q036-R1,R9,Q036,D4,ICO AI Data Protection Guidance,source_grounded_synthesis,hard,one_document,How can local deployment reduce some privacy risks while leaving other data protection responsibilities in place?,"A good answer should say local deployment can reduce transfer of questions or documents to external providers, but responsibilities remain for lawful processing, transparency, security, data minimisation, logging, retention, and access control on the local system.",D4 ICO transparency; lawfulness; security and data minimisation chapters,"Local deployment can reduce some privacy risks while leaving other data protection responsibilities in place by minimizing the data that is revealed in queries sent to ML models. This approach allows one party to retrieve predictions or classifications without fully revealing all the information to the party running the model. Essentially, it enables a party to get an answer without having to fully reveal the question. This method is particularly useful when it is not feasible to deploy the model locally. Local deployment can help in protecting personal data used to train the model by reducing the amount of data that is exposed during the query process. This can be achieved through privacy-preserving query approaches, which allow for secure data sharing and minimize the risk of exposing personal data. However, it's important to note that local deployment may not fully address all privacy risks and data protection responsibilities. Therefore, it's crucial to collaborate with clients to understand the particular deployment contexts and associated threat models. As part of your procurement policy, there should be sufficient information sharing between each party to perform their respective responsibilities effectively.",,,,,,,,,,
M4-Q017-R1,M4,Q017,D2,llama.cpp README,fact_retrieval,medium,one_document,What hardware or backend options are described as relevant to llama.cpp deployment?,"A good answer should mention at least several of the supported hardware/backend options such as x86 CPU instruction sets, Apple silicon, CUDA, HIP, Vulkan, SYCL, and CPU+GPU hybrid inference.",D2 README Description hardware/backend bullets,"The hardware or backend options described as relevant to llama.cpp deployment include:

- Vulkan
- CANN (Chiplet Accelerated Neural Network)
- OpenCL
- IBM zDNN
- WebGPU
- VirtGPU
- Snapdragon
- VirtGPU APIR
- Hexagon (In Progress)
- IBM Z & LinuxONE

These options are mentioned in the context as potential hardware or backend configurations that can be used with llama.cpp.",,,,,,,,,,
A7-Q034-R1,A7,Q034,D4,ICO AI Data Protection Guidance,explanation,medium,one_document,How do security and data minimisation relate to AI deployment?,"A good answer should state that AI systems can worsen security risks and make data minimisation harder. Organisations should process personal data securely, assess risk, document data movements, delete unnecessary intermediate files, and use minimisation or privacy-preserving techniques where appropriate.",D4 ICO security and data minimisation chapter,"Okay, here’s a rephrased and combined answer based on the provided context, aiming for clarity and completeness:

**How should we assess security and data minimisation in AI?**

The ICO’s guidance emphasizes that security and data minimisation are crucial considerations when deploying AI systems.  AI systems inherently introduce security risks, and the data minimisation principle – which dictates that we only collect and use data that is necessary and adequate for a specific, explicit, and legitimate purpose – presents significant challenges.  This section details how to proactively assess these risks and implement strategies to mitigate them.

Specifically, the ICO highlights that AI systems can exacerbate known security vulnerabilities and make them harder to manage.  It also underscores the importance of ensuring compliance with the data minimisation principle, which requires careful consideration of what data is collected and how it’s used.  The document details techniques to both reduce these risks and ensure the AI system is developed and deployed in a way that respects data privacy.

**What security risks does AI introduce?**

AI systems introduce a range of security risks, including vulnerabilities to adversarial attacks, data poisoning, and model theft. These risks stem from the complexity of AI models and the potential for malicious inputs to compromise their performance.

**What types of privacy attacks apply to AI models?**

AI models can be vulnerable to various privacy attacks, such as inference attacks (where attackers try to learn sensitive information from the model’s output), data leakage attacks (where attackers attempt to extract private data from the model), and model inversion attacks (where attackers try to reconstruct the training data from the model).

**What steps should we take to manage the risks of privacy attacks on AI models?**

The ICO recommends several steps to manage these risks, including:

*   **Data Minimization:** Collecting only the data absolutely necessary for the AI’s purpose.
*   **Privacy-Preserving Techniques:** Employing techniques like differential privacy, federated learning, and homomorphic encryption to protect data during processing.
*   **Security Hardening:** Implementing robust security measures to protect AI models and data from unauthorized access and manipulation.
*   **Regular Audits:** Conducting regular security audits and vulnerability assessments.

**What data minimisation and privacy-preserving techniques are available for AI systems?**

The document outlines various techniques, including differential privacy, federated learning, and homomorphic encryption, which are designed to minimize data collection and protect privacy while still enabling AI development.

**In essence,",,,,,,,,,,
F3-Q034-R1,F3,Q034,D4,ICO AI Data Protection Guidance,explanation,medium,one_document,How do security and data minimisation relate to AI deployment?,"A good answer should state that AI systems can worsen security risks and make data minimisation harder. Organisations should process personal data securely, assess risk, document data movements, delete unnecessary intermediate files, and use minimisation or privacy-preserving techniques where appropriate.",D4 ICO security and data minimisation chapter,"Security and data minimisation are closely related to AI deployment. In AI systems, security measures are crucial to ensure that sensitive data is protected and that privacy is maintained. Data minimisation is a key principle in AI development and deployment, as it involves minimizing the amount of data that is collected and used. By minimizing data collection, AI systems can reduce the risk of data breaches and privacy violations. Additionally, data minimisation ensures that the data used in AI systems is only for the purpose of the intended use, thereby protecting the integrity and confidentiality of the data. In summary, security and data minimisation are essential components of AI deployment, as they help to ensure that sensitive data is protected and that privacy is maintained.",,,,,,,,,,
F3-Q010-R1,F3,Q010,D1,RAG Paper,source_grounded_synthesis,hard,one_document,What does RAG add to a standard language generation system?,"A good answer should say that RAG adds an external retrieval component and a document index to a generator. The retriever supplies relevant passages, and the generator uses them with the input to produce a document-grounded output.",D1 Figure 1; D1 Methods section 2,"RAG (Recurrent Attention-Augmented Generative) adds diversity to a standard language generation system. It learns to retrieve relevant information for the task, which is essential for generating diverse responses. The retrieval mechanism is effective in improving results for all tasks, with RAG being more factual in 42.7% of cases compared to BART. RAG's ability to generate documents with a posterior probability of 1.0 for each generated token is particularly notable, indicating that it can generate responses accurately. The model's ability to document posterior probabilities for each generated token is also significant, suggesting that it can generate responses with high accuracy.",,,,,,,,,,
R9-Q020-R1,R9,Q020,D2,llama.cpp README,boundary_limitation,hard,one_document,What deployment limitation might still remain even if the runtime supports local inference?,"A good answer should note that local inference does not remove limits such as model size, memory, CPU/GPU speed, supported formats, software setup, and security of the local device. It should present local deployment as practical but still constrained.",D2 README Description; D2 Quick start; D4 ICO security/data minimisation context,"The deployment limitation that might still remain even if the runtime supports local inference is the risk of white box attacks. As the model provider, you will be less easily able to monitor the model during deployment and thereby assess and mitigate the risk of privacy attacks on it. However, you remain responsible for assessing and mitigating the risk.",,,,,,,,,,
A7-Q038-R1,A7,Q038,D1+D2,RAG Paper and llama.cpp README,comparison,hard,multiple_documents,How do RAG and local deployment address different parts of the question-answering problem?,"A good answer should say that RAG addresses knowledge grounding by retrieving and using source passages, while local deployment addresses where inference runs and what hardware/runtime is used. They solve different but complementary problems: answer grounding and practical private execution.",D1 abstract/Methods; D2 README Description/llama-server,"Okay, here's a rephrased and combined response to your question, drawing from the provided context and expanding where necessary:

“RAG (Retrieval-Augmented Generation) and local deployment represent distinct approaches to tackling the question-answering problem. RAG leverages external documents to enhance answers, while local deployment focuses on generating answers directly from the retrieved information.  The context highlights that RAG achieves 11.8% accuracy in question answering scenarios where the correct answer isn't readily available, outperforming extractive QA models (which typically score 0%) by a significant margin.  Specifically, RAG outperforms BART on Open MS-MARCO NLG by 2.6 Bleu points and 2.6 Rouge-L points.  The key difference lies in RAG’s ability to incorporate retrieved context – a crucial element for answering questions that require more than just a simple fact.  The context emphasizes that RAG models can generate more comprehensive and nuanced answers, and that the retrieval process is essential for this.”

---

**Key additions/expansions based on the context:**

*   **Clarified the difference:** I explicitly stated the core difference between RAG and local deployment.
*   **Highlighted the benefit of retrieval:** I emphasized that RAG’s strength is in using retrieved documents to improve answers.
*   **Added a bit more detail:** I expanded slightly on the importance of the retrieved context for answering questions.

Do you want me to elaborate on any specific aspect of this response?",,,,,,,,,,
